Para actualizar acceder a la siguiente página: https://www.asamblea.go.cr/Centro_de_informacion/Consultas_SIL/SitePages/ConsultaProyectos.aspx,,,
Proyecto de interés,Número de Expediente ,Título de Expediente,Fecha de inicio
FALSE,24480,ADICIÓN DE UN PÁRRAFO FINAL AL ARTÍCULO 188 DE LA CONSTITUCIO´N POLI´TICA PARA OTORGAR AUTONOMÍA ADMINISTRATIVA Y DE GOBIERNO AL BANCO CENTRAL DE COSTA RICA.,05/08/2024
FALSE,24479,LEY DE TRANSPARENCIA DE LOS EXÁMENES DE INCORPORACIÓN A LOS COLEGIOS PROFESIONALES,05/08/2024
FALSE,24478,"LEY CONTRA LA EXTORSIÓN DE PAGO DE PEAJE POR ENTRADA A LOS BARRIOS Y EXTORSIÓN AL COMERCIO, Y PREVENCIÓN DEL INGRESO DE NIÑAS, NIÑOS Y JÓVENES A ORGANIZACIONES DELICTIVAS",05/08/2024
FALSE,24477,"REFORMA DEL ARTÍCULO 28 DEL CÓDIGO PROCESAL CIVIL, LEY N.º 9342, DEL 3 DE FEBRERO DE 2016",31/07/2024
FALSE,24476,"INTERPRETACIÓN AUTÉNTICA DEL INCISO D) DEL ARTÍCULO 10 DE LA LEY N.º 7933, LEY REGULADORA DE LA PROPIEDAD EN CONDOMINIO DEL 28 DE OCTUBRE DE 1999",31/07/2024
FALSE,24475,"LEY PARA DECLARAR COMO PRIORIDAD SANITARIA Y PREVENIR, MITIGAR Y CONTENER LA ENFERMEDAD CONOCIDA COMO HUANGLONGBING (HLB) DE LOS CÍTRICOS, EN TODO EL TERRITORIO COSTARRICENSE",31/07/2024
FALSE,24474,"CONVENIO INTERNACIONAL PARA PREVENIR LA CONTAMINACIÓN POR LOS BUQUES, 1973, PROTOCOLOS I Y II, MODIFICADO POR SUS PROTOCOLOS DE 1978 Y 1997, SUS ANEXOS Y ENMIENDAS",31/07/2024
FALSE,24473,"LEY PARA AUTORIZAR A LA CORPORACIÓN MUNICIPAL DE ALAJUELA PARA QUE DESAFECTE, SEGREGUE Y DONE A LA CAJA COSTARRICENSE DE SEGURO SOCIAL BIENES INMUEBLES DE SU PROPIEDAD",30/07/2024
FALSE,24472,"REFORMA A LOS ARTÍCULOS 11 Y 18 Y ADICIÓN DE UN NUEVO TRANSITORIO A LA LEY DE FUNDACIONES LEY N.° 5338, DE 28 DE AGOSTO DE 1973 Y SUS REFORMAS",30/07/2024
FALSE,24471,"REFORMA Y ADICIÓN DE UNA NUEVO CAPITULO A LA LEY CONTRA LA DELINCUENCIA ORGANIZADA, LEY NO 8754 DEL 22 DE SETIEMBRE DE 2009 Y SUS REFORMAS, PARA DESARTICULAR Y PENALIZAR EL SICARIATO.",30/07/2024
TRUE,24470,LEY PARA LA EXONERACIÓN DE IMPUESTOS Y CONDONACIÓN DE DEUDAS PARA LOS HABITANTES DE LAS COMUNIDADES AFECTADAS POR LAS INUNDACIONES DE 2022 Y 2023,30/07/2024
FALSE,24469,"AUTORIZACIÓN A LA MUNICIPALIDAD DE GOICOECHEA PARA PROMOVER LA DISMINUCIÓN DE LA MOROSIDAD DE SUS CONTRIBUYENTES Y COADYUVAR CON LAS FAMILIAS Y COMERCIANTES EN GENERAL, EN LA ATENCIÓN DE SUS OBLIGACIONES TRIBUTARIAS CON EL MUNICIPIO Y FACILITAR LA RECAUDACIÓN",30/07/2024
TRUE,24468,MODIFICACIÓN AL DECRETO EJECUTIVO N°44490-MP PARA LA CONVOCATORIA DEL PROYECTO A REFERÉNDUM PARA QUE LA CIUDADANÍA APRUEBE O IMPRUEBE EL PROYECTO DE LEY TITULADO: LEY JAGUAR PARA EL IMPULSO DEL DESARROLLO DE COSTA RICA,30/07/2024
TRUE,24467,LEY JAGUAR PARA EL IMPULSO DEL DESARROLLO DE COSTA RICA,30/07/2024
FALSE,24466,"REFORMA DE VARIOS ARTÍCULOS DE LA LEY ORGÁNICA DEL AMBIENTE NÚMERO 7554 DEL 4 DE OCTUBRE DE 1995, Y ADICIÓN DE DOS INCISOS AL ARTÍCULO 4 DEL CÓDIGO MUNICIPAL LEY NÚMERO 7794, DEL 30 DE ABRIL DE 19989, PARA TRANSFERIR COMPETENCIAS A LAS MUNICIPALIDADES Y MODERNIZAR ESTRUCTURALMENTE LA SETENA Y EL MODELO DE EVALUACION DE IMPACTO AMBIENTAL",30/07/2024
FALSE,24465,"RATIFICACIÓN O NO DE LA SEÑORA MARÍA DEL MAR MUNGUÍA RAMÍREZ, COMO MIEMBRO DE LA JUNTA DIRECTIVA DEL BANCO CENTRAL DE COSTA RICA",29/07/2024
TRUE,24464,LEY PARA PROMOVER EL DESARROLLO DE INFRAESTRUCTURA ESTATAL,30/07/2024
FALSE,24463,LEY PARA FORTALECER EL FINANCIAMIENTO DEL DEPORTE DE ALTO RENDIMIENTO,29/07/2024
TRUE,24462,MODIFICACIÓN DE LA LEY N° 10332 AUTORIZACIÓN PARA EMITIR TÍTULOS VALORES EN EL MERCADO INTERNACIONAL,29/07/2024
TRUE,24461,"REFORMA DE LOS ARTÍCULOS 18, 20, 21 Y 22 DE LA LEY N.° 1758, LEY DE RADIO, DE 19 DE JUNIO DE 1954 Y ADICIÓN DE UN SUBINCISO H) AL ARTÍCULO 22 INCISO 1 DE LA LEY Nº 8642, LEY GENERAL DE TELECOMUNICACIONES, DE 30 DE JUNIO DE 2008.",29/07/2024
FALSE,24460,"REELECCIÓN O NO DEL MAGISTRADO DE LA SALA SEGUNDA DE LA CORTE SUPREMA DE JUSTICIA, LUIS PORFIRIO SÁNCHEZ RODRÍGUEZ",26/07/2024
FALSE,24459,"REFORMA DEL ARTÍCULO 235 Y DEL INCISO 1) DEL ARTÍCULO 242 DE LA LEY GENERAL DE MIGRACIÓN Y EXTRANJERÍA N.º 8764 PUBLICADA EN LA GACETA N.º 170 DE 1º DE SETIEMBRE DE 2009, Y SUS REFORMAS, PARA DOTAR DE RECURSOS A LA DIRECCIÓN GENERAL DE MIGRACIÓN Y EXTRANJERÍA, PARA FORTALECER LA POLICÍA PROFESIONAL DE MIGRACION",22/07/2024
FALSE,24458,LEY DE PROMOCIÓN Y FOMENTO DE LA CULTURA COSTARRICENSE EN LA ACTIVIDAD TURÍSTICA,22/07/2024
FALSE,24457,LEY PARA ERRADICAR LA NARCOCULTURA EN LA SOCIEDAD COSTARRICENSE,22/07/2024
FALSE,24456,"INTERPRETACIÓN AUTÉNTICA DEL ARTÍCULO 3, INCISO H) DE LA LEY N.º 8642, DEL 30 DE JUNIO DE 2008, LEY GENERAL DE TELECOMUNICACIONES.",22/07/2024
FALSE,24455,LEY DE SEGUIMIENTO DE MONITOREO ELECTRÓNICO EN MATERIA DE PENSIONES ALIMENTARIAS,18/07/2024
FALSE,24454,"LEY PARA EL RECONOCIMIENTO DE LAS PRÁCTICAS ANCESTRALES DE LOS PUEBLOS INDÍGENAS: REFORMA DE LA LEY FORESTAL, LEY N.º 7575 DEL 13 DE FEBRERO DE 1996 Y SUS REFORMAS",17/07/2024
FALSE,24453,"ADICIÓN DE UN INCISO D) AL ARTÍCULO 28 Y REFORMA DEL PÁRRAFO SEGUNDO DEL ARTÍCULO 102 DEL CÓDIGO DE TRABAJO, LEY N° 2 DEL 27 DE AGOSTO DE 1943 Y SUS REFORMAS. PROTECCIÓN EN EL PREAVISO DE TRABAJO.",17/07/2024
FALSE,24452,"ADICION DE UN INCISO E) AL ARTICULO 7, REFORMA DEL ARTICULO 10 Y ADICION DE UN INCISO H) Y I) AL ARTICULO 15 DE LA LEY N.º 9356, LEY ORGÁNICA DE LA JUNTA DE DESARROLLO REGIONAL DE LA ZONA SUR DE LA PROVINCIA DE PUNTARENAS (JUDESUR), DEL 13 DE JUNIO DEL 2016",17/07/2024
TRUE,24451,"LEY QUE REFORMA EL INCISO A) DEL ARTICULO 11, DE LA LEY N° 9829, LEY DE IMPUESTO DEL CINCO POR CIENTO (5%) SOBRE LA VENTA Y EL AUTOCONSUMO DE CEMENTO, PRODUCIDO EN EL TERRITORIO NACIONAL O IMPORTADO PARA EL CONSUMO NACIONAL, DEL 27 DE ABRIL DE 2020",17/07/2024
FALSE,24450,DESAFECTACIÓN DE USO PÚBLICO Y AUTORIZACIÓN A LA JUNTA DE EDUCACION DE LA ESCUELA TEODORO PICADO MICHALSKI PARA QUE DONE UN TERRENO DE SU PROPIEDAD A LA MUNICIPALIDAD DE UPALA,17/07/2024
FALSE,24449,DECLARATORIA DE BENEMÉRITA DE LAS ARTES PATRIAS A MARÍA DEL CARMEN LÍA BONILLA CHAVARRÍA,17/07/2024
FALSE,24448,"LEY PARA EL FORTALECIMIENTO DE LA TRANSPARENCIA Y PUBLICIDAD TRIBUTARIA MUNICIPAL, POR MEDIO DE LA REFORMA AL ARTÍCULO 77 BIS, Y LA ADICIÓN DEL ARTÍCULO 94 BIS Y UN NUEVO TRANSITORIO DEL CÓDIGO MUNICIPAL, LEY 7794, DEL 30 DE ABRIL DE 1998",17/07/2024
FALSE,24452,"ADICION DE UN INCISO E) AL ARTICULO 7, REFORMA DEL ARTICULO 10 Y ADICION DE UN INCISO H) Y I) AL ARTICULO 15 DE LA LEY N.º 9356, LEY ORGÁNICA DE LA JUNTA DE DESARROLLO REGIONAL DE LA ZONA SUR DE LA PROVINCIA DE PUNTARENAS (JUDESUR), DEL 13 DE JUNIO DEL 2016",11/09/2024
FALSE,24453,"ADICIÓN DE UN INCISO D) AL ARTÍCULO 28 Y REFORMA DEL PÁRRAFO SEGUNDO DEL ARTÍCULO 102 DEL CÓDIGO DE TRABAJO, LEY N° 2 DEL 27 DE AGOSTO DE 1943 Y SUS REFORMAS. PROTECCIÓN EN EL PREAVISO DE TRABAJO.",11/09/2024
FALSE,24454,"LEY PARA EL RECONOCIMIENTO DE LAS PRÁCTICAS ANCESTRALES DE LOS PUEBLOS INDÍGENAS: REFORMA DE LA LEY FORESTAL, LEY N.º 7575 DEL 13 DE FEBRERO DE 1996 Y SUS REFORMAS",11/09/2024
FALSE,24455,LEY DE SEGUIMIENTO DE MONITOREO ELECTRÓNICO EN MATERIA DE PENSIONES ALIMENTARIAS,11/09/2024
FALSE,24456,"INTERPRETACIÓN AUTÉNTICA DEL ARTÍCULO 3, INCISO H) DE LA LEY N.º 8642, DEL 30 DE JUNIO DE 2008, LEY GENERAL DE TELECOMUNICACIONES.",11/09/2024
FALSE,24457,LEY PARA ERRADICAR LA NARCOCULTURA EN LA SOCIEDAD COSTARRICENSE,11/09/2024
FALSE,24458,LEY DE PROMOCIÓN Y FOMENTO DE LA CULTURA COSTARRICENSE EN LA ACTIVIDAD TURÍSTICA,11/09/2024
FALSE,24459,"REFORMA DEL ARTÍCULO 235 Y DEL INCISO 1) DEL ARTÍCULO 242 DE LA LEY GENERAL DE MIGRACIÓN Y EXTRANJERÍA N.º 8764 PUBLICADA EN LA GACETA N.º 170 DE 1º DE SETIEMBRE DE 2009, Y SUS REFORMAS, PARA DOTAR DE RECURSOS A LA DIRECCIÓN GENERAL DE MIGRACIÓN Y EXTRANJERÍA, PARA FORTALECER LA POLICÍA PROFESIONAL DE MIGRACION",11/09/2024
FALSE,24460,"REELECCIÓN O NO DEL MAGISTRADO DE LA SALA SEGUNDA DE LA CORTE SUPREMA DE JUSTICIA, LUIS PORFIRIO SÁNCHEZ RODRÍGUEZ",11/09/2024
FALSE,24461,"REFORMA DE LOS ARTÍCULOS 18, 20, 21 Y 22 DE LA LEY N.° 1758, LEY DE RADIO, DE 19 DE JUNIO DE 1954 Y ADICIÓN DE UN SUBINCISO H) AL ARTÍCULO 22 INCISO 1 DE LA LEY Nº 8642, LEY GENERAL DE TELECOMUNICACIONES, DE 30 DE JUNIO DE 2008.",11/09/2024
FALSE,24462,MODIFICACIÓN DE LA LEY N° 10332 AUTORIZACIÓN PARA EMITIR TÍTULOS VALORES EN EL MERCADO INTERNACIONAL,11/09/2024
FALSE,24463,LEY PARA FORTALECER EL FINANCIAMIENTO DEL DEPORTE DE ALTO RENDIMIENTO,11/09/2024
FALSE,24464,LEY PARA PROMOVER EL DESARROLLO DE INFRAESTRUCTURA ESTATAL,11/09/2024
FALSE,24465,"RATIFICACIÓN O NO DE LA SEÑORA MARÍA DEL MAR MUNGUÍA RAMÍREZ, COMO MIEMBRO DE LA JUNTA DIRECTIVA DEL BANCO CENTRAL DE COSTA RICA",11/09/2024
FALSE,24466,"REFORMA DE VARIOS ARTÍCULOS DE LA LEY ORGÁNICA DEL AMBIENTE NÚMERO 7554 DEL 4 DE OCTUBRE DE 1995, Y ADICIÓN DE DOS INCISOS AL ARTÍCULO 4 DEL CÓDIGO MUNICIPAL LEY NÚMERO 7794, DEL 30 DE ABRIL DE 19989, PARA TRANSFERIR COMPETENCIAS A LAS MUNICIPALIDADES Y MODERNIZAR ESTRUCTURALMENTE LA SETENA Y EL MODELO DE EVALUACION DE IMPACTO AMBIENTAL",11/09/2024
FALSE,24467,LEY JAGUAR PARA EL IMPULSO DEL DESARROLLO DE COSTA RICA,11/09/2024
FALSE,24468,MODIFICACIÓN AL DECRETO EJECUTIVO N°44490-MP PARA LA CONVOCATORIA DEL PROYECTO A REFERÉNDUM PARA QUE LA CIUDADANÍA APRUEBE O IMPRUEBE EL PROYECTO DE LEY TITULADO: LEY JAGUAR PARA EL IMPULSO DEL DESARROLLO DE COSTA RICA,11/09/2024
FALSE,24469,"AUTORIZACIÓN A LA MUNICIPALIDAD DE GOICOECHEA PARA PROMOVER LA DISMINUCIÓN DE LA MOROSIDAD DE SUS CONTRIBUYENTES Y COADYUVAR CON LAS FAMILIAS Y COMERCIANTES EN GENERAL, EN LA ATENCIÓN DE SUS OBLIGACIONES TRIBUTARIAS CON EL MUNICIPIO Y FACILITAR LA RECAUDACIÓN",11/09/2024
FALSE,24470,LEY PARA LA EXONERACIÓN DE IMPUESTOS Y CONDONACIÓN DE DEUDAS PARA LOS HABITANTES DE LAS COMUNIDADES AFECTADAS POR LAS INUNDACIONES DE 2022 Y 2023,11/09/2024
FALSE,24471,"REFORMA Y ADICIÓN DE UNA NUEVO CAPITULO A LA LEY CONTRA LA DELINCUENCIA ORGANIZADA, LEY NO 8754 DEL 22 DE SETIEMBRE DE 2009 Y SUS REFORMAS, PARA DESARTICULAR Y PENALIZAR EL SICARIATO.",11/09/2024
FALSE,24472,"REFORMA A LOS ARTÍCULOS 11 Y 18 Y ADICIÓN DE UN NUEVO TRANSITORIO A LA LEY DE FUNDACIONES LEY N.° 5338, DE 28 DE AGOSTO DE 1973 Y SUS REFORMAS",11/09/2024
FALSE,24473,"LEY PARA AUTORIZAR A LA CORPORACIÓN MUNICIPAL DE ALAJUELA PARA QUE DESAFECTE, SEGREGUE Y DONE A LA CAJA COSTARRICENSE DE SEGURO SOCIAL BIENES INMUEBLES DE SU PROPIEDAD",11/09/2024
FALSE,24474,"CONVENIO INTERNACIONAL PARA PREVENIR LA CONTAMINACIÓN POR LOS BUQUES, 1973, PROTOCOLOS I Y II, MODIFICADO POR SUS PROTOCOLOS DE 1978 Y 1997, SUS ANEXOS Y ENMIENDAS",11/09/2024
FALSE,24475,"LEY PARA DECLARAR COMO PRIORIDAD SANITARIA Y PREVENIR, MITIGAR Y CONTENER LA ENFERMEDAD CONOCIDA COMO HUANGLONGBING (HLB) DE LOS CÍTRICOS, EN TODO EL TERRITORIO COSTARRICENSE",11/09/2024
FALSE,24476,"INTERPRETACIÓN AUTÉNTICA DEL INCISO D) DEL ARTÍCULO 10 DE LA LEY N.º 7933, LEY REGULADORA DE LA PROPIEDAD EN CONDOMINIO DEL 28 DE OCTUBRE DE 1999",11/09/2024
FALSE,24477,"REFORMA DEL ARTÍCULO 28 DEL CÓDIGO PROCESAL CIVIL, LEY N.º 9342, DEL 3 DE FEBRERO DE 2016",11/09/2024
FALSE,24478,"LEY CONTRA LA EXTORSIÓN DE PAGO DE PEAJE POR ENTRADA A LOS BARRIOS Y EXTORSIÓN AL COMERCIO, Y PREVENCIÓN DEL INGRESO DE NIÑAS, NIÑOS Y JÓVENES A ORGANIZACIONES DELICTIVAS",11/09/2024
FALSE,24479,LEY DE TRANSPARENCIA DE LOS EXÁMENES DE INCORPORACIÓN A LOS COLEGIOS PROFESIONALES,11/09/2024
FALSE,24480,ADICIÓN DE UN PÁRRAFO FINAL AL ARTÍCULO 188 DE LA CONSTITUCIÓN POLÍTICA PARA OTORGAR AUTONOMÍA ADMINISTRATIVA Y DE GOBIERNO AL BANCO CENTRAL DE COSTA RICA.,11/09/2024
FALSE,24481,"LEY PARA PROTEGER, PROMOVER Y APOYAR LA LACTANCIA MATERNA",11/09/2024
FALSE,24482,RECONOCIMIENTO DE LA CAPACIDAD DE SENTIR DE LOS ANIMALES Y LA ARMONIZACIÓN DE SU ENTORNO CON EL DE LOS SERES HUMANOS,11/09/2024
FALSE,24483,DECLARACIÓN DE BENEMERITAZGO AL PERIODISTA ROLANDO ANGULO ZELEDÓN,11/09/2024
FALSE,24484,LEY PARA LA IMPLEMENTACIÓN DE SISTEMAS DE INTELIGENCIA ARTIFICIAL (IA),11/09/2024
FALSE,24485,LEY DE FORTALECIMIENTO EDUCATIVO PARA PREVENIR ADICCIONES Y COMBATIR LA CRIMINALIDAD,11/09/2024
FALSE,24486,"GENERACIÓN DE EMPLEO Y REACTIVACIÓN ECONÓMICA. REFORMA EL ARTÍCULO 101 DE LA LEY N.° 4179, LEY DE ASOCIACIONES COOPERATIVAS, DE 22 DE AGOSTO DE 1968",11/09/2024
FALSE,24487,"AUTORIZACIÓN AL INSTITUTO COSTARRICENSE DE PUERTOS DEL PACIFICO, PARA DONAR UN LOTE DE SU PROPIEDAD A LA ASOCIACION PARA EL PROGRESO INTEGRAL DE CALLE LA LABOR",11/09/2024
FALSE,24488,LEY DE MODERNIZACIÓN Y ACCESO EQUITATIVO A SERVICIOS PÚBLICOS EN CONDOMINIOS DE INTERÉS SOCIAL,11/09/2024
FALSE,24489,LEY DE ARBOLADO URBANO,11/09/2024
FALSE,24490,"AUTORIZACIÓN AL INSTITUTO COSTARRICENSE DE ACUEDUCTOS Y ALCANTARILLADOS PARA CONDONAR LA DEUDA POR SERVICIOS PRESTADOS DE AGUA POTABLE, CARGOS VARIOS Y MULTAS, FACTURADOS A POBLACIÓN NGÄBE-BUGLÉ DEL CANTÓN DE SIXAOLA, EN LA PROVINCIA DE LIMÓN.",11/09/2024
FALSE,24491,LEY DE IMPUESTOS DE PATENTES MUNICIPALES DEL CANTÓN DE MORA,11/09/2024
FALSE,24492,"REFORMA ARTÍCULOS DE LOS 49 Y 53 DE LA LEY GENERAL DE LA ADMINISTRACIÓN PÚBLICA, LEY N.° 6227 DE 2 DE MAYO DE 1978 Y SUS REFORMAS",11/09/2024
FALSE,24493,LEY DE FORTALECIMIENTO DE LA INSTITUCIONALIDAD DEL SECTOR PÚBLICO PARA LA IGUALDAD EFECTIVA ENTRE MUJERES Y HOMBRES,11/09/2024
FALSE,24494,CREACIÓN DEL PROGRAMA DE ZONAS DE INTERVENCIÓN SOCIAL COMO ESTRATEGIA TERRITORAL PARA LA SEGURIDAD CIUDADANA,11/09/2024
FALSE,24495,"REFORMA AL ARTÍCULO 193 DEL CÓDIGO PROCESAL PENAL N.º 7594, DEL 10 DE ABRIL DE 1996",11/09/2024
FALSE,24496,"REFORMA DEL PÁRRAFO CUARTO DEL ARTÍCULO 1 DE LA LEY DE CONSERVACIÓN DE VIDA SILVESTRE, N° 7317, DE 30 DE OCTUBRE DE 1992 Y SUS REFORMAS.",11/09/2024
FALSE,24497,LEY PARA LA PROMOVER LA CONVIVENCIA Y PREVENCIÓN DE LA VIOLENCIA EN LAS COMUNIDADES,11/09/2024
FALSE,24498,DESAFECTACIÓN DE USO PÚBLICO Y AUTORIZACIÓN A LA JUNTA DE EDUCACIÓN DEL COLEGIO TECNICO PROFESIONAL PADRE ROBERTO EVANS SAUNDERS PARA QUE DONE UN TERRENO DE SU PROPIEDAD A LA MUNICIPALIDAD DE SIQUIRRES,11/09/2024
FALSE,24499,LEY PARA ELIMINAR LA OBLIGACIÓN DE PAGO DE INTERESES SOBRE LOS PAGOS PARCIALES DEL IMPUESTO SOBRE LA RENTA,11/09/2024
FALSE,24500,"REFORMA AL ARTÍCULO 18 DEL CÓDIGO DE TRABAJO, LEY N.° 2 DEL 27 DE AGOSTO DE 1943. LEY PARA GARANTIZAR LOS DERECHOS LABORALES DE LAS PERSONAS PRESTADORAS DE SERVICIOS DE REPARTO MEDIANTE PLATAFORMAS DIGITALES",11/09/2024
FALSE,24501,"LEY PARA EL FORTALECIMIENTO DEL INSTITUTO NACIONAL DE APRENDIZAJE: REFORMA PARCIAL DE LA LEY N° 6868, LEY ORGÁNICA DEL INSTITUTO NACIONAL DE APRENDIZAJE DE 6 DE MAYO DE 1983 Y SUS REFORMAS",11/09/2024
FALSE,24502,"REFORMA DEL ARTÍCULO 133 DEL CÓDIGO ELECTORAL, LEY N°8765",11/09/2024
FALSE,24503,REFORMA DEL CÓDIGO ELECTORAL PARA PERMITIR EL USO DE CERTIFICADOS DE CESIÓN DE DEUDA POLÍTICA EN CAMPAÑAS MUNICIPALES Y GASTOS PERMANENTES DE PERIODOS NO ELECTORALES,11/09/2024
FALSE,24504,SE INVESTIGUE EXHAUSTIVAMENTE TODO LO RELACIONADO CON LOS CONTRATOS Y POSIBLES IRREGULARIDADES EN LA ADQUISICIÓN Y UTILIZACIÓN DE CARPAS PARA LA CONSTRUCCIÓN DE CÁRCELES EN EL PAÍS.,11/09/2024
FALSE,24505,INVESTIGACION SOBRE DENUNCIA CONTRA LA DEFENSORA DE LOS HABITANTES,11/09/2024
FALSE,24506,"LEY PARA GARANTIZAR LA ATENCIÓN CON PERTINENCIA CULTURAL A LAS PERSONAS INDÍGENAS DE COSTA RICA: REFORMAS A LA LEY GENERAL DE SALUD, N° 5395, DEL 30 DE OCTUBRE DE 1973 Y SUS REFORMAS",11/09/2024
FALSE,24507,"ADICIÓN DE UN PÁRRAFO TERCERO AL ARTÍCULO 294 Y ADICIÓN DE LOS ARTÍCULOS 294 BIS Y 294 TER A LA LEY N° 5395 DEL 30 DE OCTUBRE DE 1973, LEY GENERAL DE SALUD, LEY PARA MODERNIZAR LA LEY GENERAL DE SALUD EN MATERIA DE CONTAMINACIÓN SONORA Y PROMOVER LOS PAISAJES SONOROS POSITIVOS",11/09/2024
FALSE,24508,LEY PARA LA CREACIÓN DEL FIDEICOMISO CAFETALERO,11/09/2024
FALSE,24509,LEY PARA LA DECLARATORIA DE LAS BOTELLAS DE PLÁSTICO DE UN SOLO USO COMO RESIDUOS DE MANEJO ESPECIAL,11/09/2024
FALSE,24510,LEY DE IMPUESTOS A LAS ACTIVIDADES ECONÓMICAS DE LA MUNICIPALIDAD DE GOLFITO,11/09/2024
FALSE,24511,"INVESTIGACIÓN QUE INDAGUE LAS RELACIONES DE CASA PRESIDENCIAL, EL MINISTERIO DE AMBIENTE Y ENERGÍA, LA MUNICIPALIDAD DE TALAMANCA, EL SISTEMA NACIONAL DE ÁREAS DE CONSERVACIÓN Y CUALQUIER OTRA ENTIDAD PÚBLICA CON EL EMPRESARIO ALLAN PACHECO DENT, ASÍ COMO CUALQUIER OTRA INCIDENCIA IRREGULAR DE PARTICULARES CON EL PODER EJECUTIVO PARA EL OTORGAMIENTO DE PERMISOS DE CUALQUIER ÍNDOLE EN LA ZONA DEL REFUGIO NACIONAL DE VIDA SILVESTRE GANDOCA-MANZANILLO Y SUS ALREDEDORES.",11/09/2024
FALSE,24512,"REFORMA A LA LEY N° 7430 LEY DE FOMENTO DE LA LACTANCIA MATERNA, DE 14 DE SEPTIEMBRE DE 1994 Y SUS REFORMAS",11/09/2024
FALSE,24513,LEY DE CREACIÓN DEL DEPÓSITO LIBRE COMERCIAL DE LA PROVINCIA DE LIMÓN,11/09/2024
FALSE,24514,"INVESTIGACIÓN SOBRE TODOS LOS PERMISOS OTORGADOS POR CUALQUIER ENTE ESTATAL A LAS PROPIEDADES UBICADAS DENTRO O CERCANAS AL REFUGIO NACIONAL DE VIDA SILVESTRE GANDOCA-MANZANILLO, LAS RELACIONES DE CASA PRESIDENCIAL Y LA MUNICIPALIDAD DE TALAMANCA CON LOS PROPIETARIOS, INCLUYENDO LAS INACCIONES O NEGLIGENCIAS DERIVADAS DE ÓRDENES JUDICIALES AL ESTADO PARA RECUPERAR PROPIEDADES QUE SON PARTE DEL PATRIMONIO DEL ESTADO Y QUE DE MANERA IRREGULAR FUERON TRASPASADAS A PROPIETARIOS PRIVADOS",11/09/2024
FALSE,24515,LEY PARA EXCEPTUAR DE LA APLICACIÓN DE LA REGLA FISCAL AL PODER JUDICIAL,11/09/2024
FALSE,24516,"ADICIÓN DE UN ARTÍCULO 214 TER AL CÓDIGO PENAL, LEY N°4573 DEL 04 DE MAYO DE 1970, EXTORSIÓN SEXUAL",11/09/2024
FALSE,24517,PRESCRIPCION DE OFICIO PARA DEUDAS FINANCIERAS EN COBRO JUDICIAL,11/09/2024
FALSE,24518,LEY QUE DOTA DE MAYOR FINANCIAMIENTO LA SEGURIDAD PUBLICA,11/09/2024
FALSE,24519,"REFORMA Y ADICIÓN DE VARIOS ARTÍCULOS A LA LEY N°10204, LEY PROTECTORA DE LA ACTIVIDAD DEL BOYEO Y LA CARRETA COSTARRICENSE, DE 5 DE MAYO DE 2022",11/09/2024
FALSE,24520,LEY PARA AUMENTAL EL PRESUPUESTO QUE INVIERTE EL ESTADO EN LA ATENCIÓN DE LA SALUD MENTAL,11/09/2024
FALSE,24521,"LEY PARA QUE SE MODIFIQUE EL ARTICULO 52, DE LA LEY N.º 8131, LEY DE LA ADMINISTRACIÓN FINANCIERA DE LA REPÚBLICA Y PRESUPUESTOS PÚBLICOS",11/09/2024
FALSE,24522,"DECLARACIÓN DE BENEMERITAZGO DE LA PATRIA AL INSTITUTO NACIONAL DE SEGUROS, INS",11/09/2024
FALSE,24523,"REFORMA DEL ARTÍCULO 20 DE LA LEY CONTRA LA DELINCUENCIA ORGANIZADA, LEY N.°8754, DE 24 DE JULIO DE 2009 Y SUS REFORMAS",11/09/2024
FALSE,24524,"LEY DE INCLUSIÓN, FORTALECIMIENTO Y DESARROLLO INTEGRAL DE LA PERSONA ADULTA MAYOR Y PERSONAN CON DISCAPACIDAD. REFORMA A LA LEY 7794, CÓDIGO MUNICIPAL, DE 30 DE ABRIL DE 1998",11/09/2024
FALSE,24525,LEY DE REINVINDICACIÓN DEL TRABAJADOR INDEPENDIENTE MEDIANTE LA REFORMA AL ARTÍCULO 3 DE LA LEY N°17 LEY CONSTITUTIVA DE LA CAJA COSTARRICENSE DE SEGURO SOCIAL CCSS Y AL ARTÍCULO 15 DE LA LEY N°7092 LEY DEL IMPUESTO SOBRE LA RENTA,11/09/2024
FALSE,24526,MODIFICACIÓN DEL ARTÍCULO 20 Y ADICION DEL ARTÍCULO 20 BIS Y DEL ARTÍCULO 21 BIS A LA LEY DE PROCEDIMIENTOS DE OBSERVANCIA DE LOS DERECHOS DE PROPIEDAD INTELECTUAL N.º 8039 Y SUS REFORMAS,11/09/2024
FALSE,24527,"REFORMA PARCIAL DE LA LEY N°4179, LEY DE ASOCIACIONES COOPERATIVAS Y CREACION DEL INFOCOOP DEL 22 DE AGOSTO DE 1968 Y SUS REFORMAS, PARA LA CONSTITUCIÓN E INSCRIPCIÓN DE COOPERATIVAS",11/09/2024
FALSE,24528,DECLARATORIA DE INTERÉS PÚBLICO E INCLUSIÓN DE UN PLAN DE SALUD MENTAL EN EL SISTEMA EDUCATIVO COSTARRICENSE,11/09/2024
FALSE,24529,"LEY PARA LA PREVENCIÓN, LUCHA CONTRA LA CRIMINALIDAD Y EL NARCOTRÁFICO: REFORMA DE LA LEY ORGÁNICA DEL MINISTERIO DE SEGURIDAD PÚBLICA N°5482, LA LEY GENERAL DE POLICÍA N°7410, Y EL CÓDIGO MUNICIPAL LEY N°7794 PARA EL FORTALECIMIENTO DE LA SEGURIDAD PÚBLICA",11/09/2024
FALSE,24530,LEY PARA LA CREACIÓN DE LOS CENTROS ESPECIALIZADOS DE ATENCIÓN Y ALBERGUE TEMPORAL PARA MUJERES EN VIOLENCIA DOMÉSTICA Y RIESGO DE MUERTE EN COSTA RICA,11/09/2024
FALSE,24531,DECLARACIÓN DE INTERÉS PÚBLICO PARA EL DESARROLLO TURÍSTICO Y EL VALOR HISTÓRICO DE LOS DISTRITOS DE POROZAL Y BEBEDERO DEL CANTÓN DE CAÑAS,11/09/2024
FALSE,24532,DESAFECTACIÓN DEL USO PÚBLICO DE UN BIEN PROPIEDAD DEL BENEMÉRITO CUERPO DE BOMBEROS DE COSTA RICA Y AUTORIZACIÓN PARA SU DONACIÓN A LA CORTE SUPREMA DE JUSTICIA PARA USO DEL ORGANISMO DE INVESTIGACIÓN JUDICIAL,11/09/2024
FALSE,24533,"REFORMA DE LOS TRANSITORIOS I Y X DE LA LEY 8904, REFORMA DEL SEGUNDO PÁRRAFO Y ADICIÓN DE VARIOS PÁRRAFOS AL ARTÍCULO 8; ADICIÓN DEL ARTÍCULO 8 BIS; ADICIÓN DEL INCISO F) AL ARTÍCULO 65, Y REFORMA DEL INCISO K) DEL ARTÍCULO 103 DEL CÓDIGO DE MINERÍA, LEY N.° 6797, DE 4 DE OCTUBRE DE 1982, Y SUS REFORMAS, LEY PARA DECLARAR A COSTA RICA PAÍS LIBRE DE MINERÍA METÁLICA A CIELO ABIERTO, DE 1 DE DICIEMBRE DE 2010.",11/09/2024
FALSE,24534,"SE INVESTIGUE EXHAUSTIVAMENTE TODO LO RELACIONADO CON LOS CONTRATOS, LICITACIONES, ADJUDICACIONES Y COMPRAS PÚBLICAS, QUE PODRÍAN GENERAR IRREGULARIDADES EN LA EMPRESA RACSA",11/09/2024
FALSE,24535,LEY DE PRESUPUESTO ORDINARIO Y EXTRAORDINARIO DE LA REPÚBLICA PARA EL EJERCICIO ECONÓMICO 2025,11/09/2024
FALSE,24536,LEY QUE AUTORIZA A LA MUNICIPALIDAD DE TALAMANCA A DONAR UN TERRENO DE SU PROPIEDAD AL INSTITUTO NACIONAL DE APRENDIZAJE,11/09/2024
FALSE,24537,"REFORMA AL ARTÍCULO 131 DE LA LEY DE ASOCIACIONES COOPERATIVAS, PARA INCORPORAR EL INSTITUTO JURÍDICO DEL ACTO COOPERATIVO",11/09/2024
FALSE,24538,"LEY PARA LA GESTIÓN MUNICIPAL DE ACERAS Y SISTEMAS URBANOS DE DRENAJE Y SANEAMIENTO, REFORMA LOS ARTÍCULOS 83, 83 BIS Y 84 INCISO D, DEL CÓDIGO MUNICIPAL",11/09/2024
FALSE,24539,"AUTORIZACIÓN AL INSTITUTO MIXTO DE AYUDA SOCIAL PARA QUE DESAFECTE, SEGREGUE Y DONE UN TERRENO DE SU PROPIEDAD A LA ASOCIACIÓN PRO-VIVIENDA CALLE LA ESTEFANA",11/09/2024
FALSE,24540,"ADICIÓN DE UN INCISO I) Y UN INCISO J) AL ARTÍCULO 2 DE LA LEY GENERAL DE CONTRATACIÓN PÚBLICA, LEY N.º 9986, DE 27 DE MAYO DE 2021, Y SUS REFORMAS",11/09/2024
FALSE,24541,LEY DEL DERECHO AL OLVIDO ONCOLOGICO,11/09/2024
FALSE,24542,"REFORMA DE LOS ARTÍCULOS 11, 14, 16, 17, 20, 22 Y 24 DE LA LEY N° 8533, REGULACIÓN DE LAS FERIAS DEL AGRICULTOR, DEL 18 DE JULIO DEL 2006",11/09/2024
FALSE,24543,"REFORMA AL ARTÍCULO 9 DE LA LEY ORGÁNICA DEL CONSEJO NACIONAL DE PRODUCCIÓN N°2035 DEL 17 DE JULIO DE 1956, PARA QUE LOS PRODUCTOS DE ORIGEN VEGETAL DEL PROGRAMA DE ABASTECIMIENTO INSTITUCIONAL TENGAN LA CERTIFICACIÓN TICO-BPA",11/09/2024
FALSE,24544,"ADICIÓN DE UN ARTÍCULO SEGUNDO Y DE LOS TRANSITORIOS TERCERO Y CUARTO A LA LEY 8950, DERECHOS PREJUBILATORIOS A LOS EXTRABAJADORES DEL INSTITUTO COSTARRICENSE DE FERROCARRILES, DE 12 DE MAYO DE 2011",11/09/2024
FALSE,24545,"LEY QUE ORDENA LAS CONSTRUCCIONES, REPARACIONES Y ARREGLOS DE OBRAS EN LAS VÍAS PÚBLICAS DEL PAÍS",11/09/2024
FALSE,24546,DECLARATORIA DEL 6 DE SEPTIEMBRE DE CADA AÑO COMO DÍA NACIONAL DEL CONGRESO DE LA REPÚBLICA,11/09/2024
FALSE,24547,"REFORMA DEL INCISO F) DEL ARTÍCULO 14, SE REFORMA EL INCISO R), SE CORRE LA NUMERACIÓN DE LOS INCISOS SUBSIGUIENTES DEL ARTÍCULO 119 Y SE REFORMA EL PÁRRAFO FINAL DEL ARTÍCULO 119 DE LA LEY GENERAL DE CONTRATACIÓN PÚBLICA, LEY N. 9986 DEL 27 DE MAYO DE 2021. LEY DE RESPONSABILIDAD LABORAL DE LOS CONTRATISTAS CON EL ESTADO",11/09/2024
FALSE,24548,"INVESTIGACION SOBRE EL CUMPLIMIENTO O NO DE LOS OBJETIVOS Y COMPROMISOS DEL CONTRATO DE CONCESIÓN CON LA EMPRESA APM TERMINALS S.A. EN LA ADMINISTRACIÓN DE LA TERMINAL DE CONTENEDORES DE MOÍN, TANTO EN CUANTO A LAS OBLIGACIONES DE LA EMPRESA CONCESIONARIA COMO A LAS RESPONSABILIDADES POR PARTE DE LA AUTORIDAD PORTUARIA Y EL MOPT",11/09/2024
FALSE,24549,"REFORMA AL INCISO Ñ Y ADICIÓN DE LOS INCISOS P Y Q, DEL ARTÍCULO 2 DE LA LEY DEL INSTITUTO COSTARRICENSE DE PUERTOS DEL PACÍFICO, LEY N.° 1721, DE 28 DE DICIEMBRE DE 1953 Y SUS REFORMAS",11/09/2024
FALSE,24550,SEGREGACIÓN Y DESAFECTACIÓN DE UN BIEN PROPIEDAD DEL INSTITUTO MIXTO DE AYUDA SOCIAL Y AUTORIZACIÓN PARA SU DONACIÓN A LA ASOCIACIÓN OBRAS DEL ESPIRITU SANTO,11/09/2024
FALSE,24551,LEY PARA LA PROTECCIÓN Y GARANTÍA DEL DERECHO A LA CIUDAD,11/09/2024
FALSE,24552,"ADICIONES A LA LEY N°10.025 FOMENTO A LA LECTURA, EL LIBRO Y LAS BIBLIOTECAS DEL 14 DE SEPTIEMBRE DE 2021, PARA LA PROMOCIÓN DE LOS CLUBES DE LECTURA Y ACCESO A LA LECTURA EN ESPACIOS COMUNALES, EDUCATIVOS Y SOCIALES",11/09/2024
FALSE,24553,"REFORMA DE VARIOS ARTÍCULOS DE LA LEY N.° 63, DE 28 DE SETIEMBRE DE 1887 Y SUS REFORMAS, CÓDIGO CIVIL",11/09/2024
FALSE,24554,LEY QUE REGULA LA PUBLICIDAD DIRIGIDA A MENORES DE EDAD,11/09/2024
FALSE,24555,"REFORMA DEL ARTÍCULO 1 DE LA LEY QUE CREA LA RED NACIONAL DE CUIDO Y DESARROLLO INFANTIL, LEY N° 9220 DEL 24 DE MARZO DEL 2014",11/09/2024
FALSE,24556,CREACIÓN DEL PREMIO NACIONAL DEPORTIVO CLAUDIA POLL AHRENS,11/09/2024
FALSE,24557,"DESAFECTACIÓN DEL USO PÚBLICO Y AUTORIZACIÓN PARA QUE SE DONE UN TERRENO PROPIEDAD DE LA JUNTA DE EDUCACIÓN DE DIVISIÓN DE PÁRAMO DE PÉREZ ZELEDÓN A LA ASOCIACIÓN DE DESARROLLO INTEGRAL DE DIVISIÓN DE PÁRAMO DE PÉREZ ZELEDÓN, SAN JOSÉ",11/09/2024
FALSE,24558,DECLARACIÓN DE CIUDADANO DISTINGUIDO A SHERMAN ISIDRO GUITY GUITY,11/09/2024
FALSE,24559,"PERMISO PARA EL ATRAQUE Y PERMANENCIA DE LA EMBARCACION ""PATRULLERO ARAGO"" (ARTILLADO, DE NACIONALIDAD FRANCESA), EN EL PUERTO DE CALDERA, DESEMBARQUE Y PERMANENCIA EN TERRITORIO NACIONAL DE SU TRIPULACIÓN; DURANTE SU PERMANENCIA DEL 28 DE SETIEMBRE AL 02 DE OCTUBRE.",11/09/2024
FALSE,24560,DECLARATORIA COMO CIUDADANO DISTINGUIDO A SHERMAN ISIDRO GUITY GUITY,11/09/2024
FALSE,24561,REFORMA A LA LEY DE CREACIÓN DEL PARQUE NACIONAL ISLA SAN LUCAS,11/09/2024
FALSE,24562,"REFORMA AL ARTÍCULO 227 DEL CÓDIGO PENAL, LEY N°4573 DE 4 DE MAYO DE 1970 Y SUS REFORMAS, REFORMA AL ARTÍCULO 3° Y ADICIÓN DE UN ARTÍCULO 58 BIS A LA LEY FORESTAL, LEY N°7575 DE 13 DE FEBRERO DE 1996. LEY PARA COMBATIR EL TRÁFICO DE TIERRAS.",17/09/2024
FALSE,24563,"REFORMA DEL ARTÍCULO 1 Y ADICIÓN DE UN NUEVO CAPITULO A LA LEY DE PENALIZACIÓN DE LA VIOLENCIA CONTRA LAS MUJERES, LEY N° 8589, DEL 25 DE ABRIL DE 2007. LEY PARA EL TRATAMIENTO DE LOS CRÍMENES DE VIOLENCIA DE GÉNERO POR PARTE DE LOS MEDIOS DE COMUNICACIÓN.",17/09/2024
FALSE,24564,"REFORMA DEL ARTÍCULO 6 Y ADICION DE UN INCISO NUEVO AL ARTICULO 9 DE LA LEY N.º 17, LEY CONSTITUTIVA DE LA CAJA COSTARRICENSE DEL SEGURO SOCIAL, PARA GARANTIZAR LA AUTONOMÍA EN LA DESIGNACIÓN DE REPRESENTANTES SINDICALES Y SOLIDARISTAS EN LA CCSS",17/09/2024
FALSE,24565,"REFORMA PARCIAL DE LA LEY PARA PREVENIR LA REVICTIMIZACIÓN Y GARANTIZAR LOS DERECHOS DE LAS PERSONAS MENORES DE EDAD EN EL SISTEMA EDUCATIVO COSTARRICENSE, LEY 9999, DEL 27 DE AGOSTO DEL 2021.",17/09/2024
FALSE,24566,LEY PARA AUTORIZAR AL MINISTERIO DE OBRAS PÚBLICAS Y TRANSPORTES PARA QUE DESAFECTE Y DONE AL MINISTERIO DE SEGURIDA PÚBLICA BIENES INMUEBLES DE SU PROPIEDAD,17/09/2024
FALSE,24567,LEY PARA LA CONSOLIDACIÓN Y MODERNIZACIÓN FISCAL SOBRE LOS ESPECTÁCULOS PÚBLICOS,17/09/2024
FALSE,24568,LEY DE EXONERACIÓN FISCAL PARA LA INCLUSIÓN Y MOVILIDAD DE PERSONAS CON DISCAPACIDAD,17/09/2024
FALSE,24569,LEY PARA CREAR LA COMISIÓN EVALUADORA DE PRUEBAS NACIONALES,17/09/2024
FALSE,24570,"REFORMA DE LA LEY N° 8533, REGULACIÓN DE LAS FERIAS DEL AGRICULTOR, DEL 18 DE JULIO DEL 2006",17/09/2024
FALSE,24571,"REFORMA DE LOS ARTÍCULOS 4, 5 Y 13 DE LA LEY N°7322 DEL 15 DE DICIEMBRE DE 1992 LEY DEL IMPUESTO DE PATENTES DE LA MUNICIPALIDAD DE NARANJO, REFORMADA POR LA LEY N° 7436 DEL 25 DE OCTUBRE DEL 1994",17/09/2024
TRUE,24572,"ADICIÓN DE UN TRANSITORIO VI A LA LEY 7088, REAJUSTE TRIBUTARIO Y RESOLUCIÓN 18ª CONSEJO ARANCELARIO Y ADUANERO CENTROAMERICANO, DE 30 DE NOVIEMBRE DE 1987, CONDONACIÓN DE LAS DEUDAS ACUMULADAS EN EL PAGODEL MARCHAMO",17/09/2024
FALSE,24573,LEY PARA EL FORTALECIMIENTO DE LAS INVESTIGACIONES DE DELITOS FINANCIEROS Y ESTAFAS ELECTRÓNICAS,17/09/2024
FALSE,24574,"AUTORIZACIÓN AL INSTITUTO NACIONAL DE VIVIENDA Y URBANISMO (INVU), PARA QUE DONE UN TERRENO DE SU PROPIEDAD A LA FUNDACIÓN ECOTIERRA PARA FINES DE EDUCACIÓN AMBIENTAL Y DESARROLLO COMUNITARIO EN LA UNIÓN, PROVINCIA DE CARTAGO",18/09/2024
FALSE,24575,LEY DE CREACIÓN DEL COLEGIO DE PROFESIONALES EN EDUCACIÓN ESPECIAL DE COSTA RICA,23/09/2024
FALSE,24576,"REFORMA DE LOS ARTÍCULOS 3 Y 4 Y LA INCLUSIÓN DE UN ARTÍCULO 3 BIS EN LA LEY 8444, LEY REGULADORA DE EXONERACIONES VIGENTES, DEROGATORIAS Y EXCEPCIONES, PARA GARANTIZAR LOS DERECHOS DE LA POBLACIÓN CON DISCAPACIDAD",23/09/2024
FALSE,24577,LEY PARA EL DESARROLLO DEL DISTRITO DE CUTRIS A TRAVÉS DE LA EXPLOTACIÓN RESPONSABLE DE SUS RIQUEZAS,23/09/2024
FALSE,24578,AUTORIZACIÓN A LA MUNICIPALIDAD DE OROTINA PARA CONDONAR DEUDA A LA ASOCIACIÓN DE HOGAR PARA PERSONAS ADULTAS MAYORES PRESBÍTERO JESÚS MARÍA VARGAS VÁSQUEZ DE OROTINA,23/09/2024
TRUE,24579,SEGUNDA PRÓRROGA DEL PLAZO PARA ACOGERSE A LA CONDONACIÓN PARA LA FORMALIZACIÓN Y RECAUDACIÓN DE LAS CARGAS SOCIALES,23/09/2024
TRUE,24580,"REFORMA AL ARTÍCULO 46 DE LA LEY N° 7558 LEY ORGÁNICA DEL BANCO CENTRAL DE COSTA RICA DEL 3 DE NOVIEMBRE DE 1995, PARA ELIMINAR EL USO DE BILLETES Y MONEDAS EN EL SERVICIO PÚBLICO DE TRANSPORTE REMUNERADO DE PERSONAS MODALIDAD AUTOBÚS DE RUTA REGULAR",23/09/2024
FALSE,24581,AUTORIZACIÓN AL ESTADO PARA QUE DONE UN TERRENO DE SU PROPIEDAD A LA ASOCIACIÓN DE DESARROLLO INTEGRAL DEL SECTOR NORTE DE CARTAGO (CASA DE LA CULTURA),23/09/2024
TRUE,24583,APROBACIÓN DEL CONTRATO DE PRÉSTAMO N° CCR 1037 01 P PARA FINANCIAR EL PROGRAMA DE APOYO PRESUPUESTARIO IMPLEMENTACIÓN DE LA POLÍTICA AGROAMBIENTAL Y LA INICIATIVA AGROPAISAJES SOSTENIBLES SUSCRITO ENTRE LA REPÚBLICA DE COSTA RICA Y LA AGENCIA FRANCESA DE DESARROLLO (AFD),23/09/2024
,24584,"PERMISO PARA EL ATRAQUE Y PERMANENCIA DE LA EMBARCACION ""PATRULLERO ARAGO"" (ARTILLADO, DE NACIONALIDAD FRANCESA), EN PUNTARENAS; DESEMBARQUE Y PERMANENCIA EN TERRITORIO NACIONAL DE SU TRIPULACIÓN DURANTE SU PERMANENCIA, DEL 28 DE SETIEMBRE AL 09 DE OCTUBRE. CORRECCION A ERROR MATERIAL SOBRE EL EXPEDIENTE 24.559.",23/09/2024
TRUE,24585,TRASLADO DEL CONSEJO NACIONAL DE LA PERSONA ADULTA MAYOR AL MINISTERIO DE SALUD,24/09/2024
FALSE,24586,LEY PARA ESTABLECER LA CONFIDENCIALIDAD DEL REGISTRO DE VEHICULOS DE LOS CUERPOS DE POLICÍA DE INVESTIGACIÓN,24/09/2024
TRUE,24587,LEY MARCO DE TECNOLOGÍAS DE GESTIÓN Y DESARROLLO DE INFORMACIÓN PARA LA CONSTRUCCIÓN Y OPERACIÓN DE EDIFICACIONES E INFRAESTRUCTURAS PÚBLICAS,24/09/2024
TRUE,24588,LEY MARCO DE CAMBIO CLIMÁTICO,24/09/2024
FALSE,24589,"LEY PARA LA SANCIÓN DEL DELITO DE LAS FALSEDADES PROFUNDAS: ADICIÓN DE UN NUEVO ARTÍCULO 237 AL CÓDIGO PENAL, LEY N° 4373 DEL 15 DE NOVIEMBRE DE 1970 Y SUS REFORMAS",27/09/2024
FALSE,24590,"LEY ESPECIAL PARA LA INDENMIZACIÓN DE LOS DERECHOS LABORALES DE LOS EXEMPLEADOS DE FERTILIZANTES DE CENTROAMÉRICA COSTA RICA, S.A",28/09/2024
FALSE,24591,"EY PARA LA INCLUSIÓN DE PUERTO JIMÉNEZ EN EL APROVECHAMIENTO MINERO A PEQUEÑA ESCALA: REFORMA AL ARTÍCULO 8 DEL CÓDIGO DE MINERÍA, LEY N° 6797 DEL 4 DE OCTUBRE DE 1982",29/09/2024
FALSE,24592,"REFORMA A LOS ARTÍCULOS 13, 14, 25 Y 48 DE LA LEY FUNDAMENTAL DE EDUCACIÓN, LEY N° 2160, DEL 25 DE SETIEMBRE DE 1957 Y A LOS ARTÍCULOS 18, 19, 98, 120 Y DEROGACIÓN DEL ARTÍCULO 100 DE LA LEY N°181, CÓDIGO DE EDUCACIÓN, DEL 18 DE AGOSTO DE 1944 LEY PARA GARANTIZAR EL CARÁCTER MULTIÉTNICO Y PLURICULTURAL EN LA EDUCACIÓN RELIGIOSA PÚBLICA",29/09/2024
TRUE,24593,INVESTIGACIÓN SOBRE LA NO ENTREGA DE MÁS DE CUARENTA Y CUATRO MIL EQUIPOS TECNOLÓGICOS POR PARTE DEL MINISTERIO DE EDUACIÓN PÚBLICA A LOS DIVERSOS CENTROS EDUCATIVOS DEL PAÍS.,29/09/2024
TRUE,24594,LEY PARA FORTALECER LA PLANIFICACIÓN Y LA SEGURIDAD ENERGÉTICA DEL SISTEMA ELÉCTRICO NACIONAL DE COSTA RICA,29/09/2024
FALSE,24595,"DECLARACIÓN DE INTERÉS PÚBLICO DEL PROYECTO DE CONSERVACIÓN Y PROTECCIÓN DE LOS MANGLARES EN EL CANTÓN DE PARRITA, PROVINCIA DE PUNTARENAS, CON ENFOQUE DE GÉNERO PARA MEJORAR LA CAPACIDAD DE RESILIENCIA CLIMÁTICA",29/09/2024
TRUE,24596,LEY DE PAGOS DEL PROGRAMA NACIONAL DE COMEDORES ESCOLARES,29/09/2024
FALSE,24597,"REFORMA DEL ARTÍCULO 146 DE LA LEY NO. 8765, CÓDIGO ELECTORAL, DEL 19 DE AGOSTO DE 2009, PARA PROHIBIR LA BELIGERANCIA POLÍTICA EN LA UNIÓN NACIONAL DE GOBIERNOS LOCALES",29/09/2024
FALSE,24598,LEY PARA FOMENTAR LA INDUSTRIA DE CONFECCIÓN DE PRENDAS DE VESTIR Y EL DISEÑO DE MODAS,29/09/2024
FALSE,24599,AUTORIZACIÓN A LA ASAMBLEA LEGISLATIVA PARA REALIZAR ACTIVIDADES CONMEMORATIVAS EN EL MARCO DE LOS 200 AÑOS DE SU CONSTITUCIÓN,29/09/2024
FALSE,24600,REFORMA AL ARTÍCULO 37 CONSTITUCIONAL PARA AMPLIAR EL PLAZO PERENTORIO A CUARENTA Y OCHO HORAS,29/09/2024
FALSE,24601,LEY QUE AMPLIA EL TIMEPO DE APREHENSION A CUARENTA Y OCHO HORAS,29/09/2024
FALSE,24602,"REFORMA DEL ARTÍCULO 159 Y ADICIÓN DE UN ARTÍCULO 159 BIS A LA LEY N.º 4573, CÓDIGO PENAL, DEL 4 DE MAYO DE 1970 Y SUS REFORMAS, PARA EL COMBATE DE LAS RELACIONES IMPROPIAS",29/09/2024
FALSE,24603,"SEXTO PRESUPUESTO EXTRAORDINARIO DE LA REPÚBLICA PARA EL EJERCICIO ECONÓMICO 2024 Y QUINTA MODIFICACIÓN LEGISLATIVA DE LA LEY 10.427, LEY DE PRESUPUESTO ORDINARIO Y EXTRAORDINARIO DE LA REPÚBLICA PARA EL EJERCICIO ECONÓMICO 2024, DE 4 DE DICIEMBRE DE 2023",01/10/2024
FALSE,24604,LEY PARA LA PROMOCIÓN Y FOMENTO DE LA ECONOMÍA PLATEADA,02/10/2024
FALSE,24605,LEY PARA LA INCLUSIÓN TECNOLÓGICA Y DIGITAL DE LAS PERSONAS ADULTAS MAYORES,02/10/2024
FALSE,24606,SEGREGACION Y DESAFECTACION DEL USO PÚBLICO DE UN BIEN PROPIEDAD DE LA MUNICIPALIDAD DE EL GUARCO Y AUTORIZACIÓN PARA SU DONACION A LA COMISIÓN NACIONAL DE EMERGENCIAS,02/10/2024
FALSE,24607,SEGREGACION Y DESAFECTACIÓN DEL USO PÚBLICO DE UN BIEN PROPIEDAD DE LA MUNICIPALIDAD DE EL GUARCO Y AUTORIZACIÓN PARA SU DONACIÓN AL PATRONATO NACIONAL DE LA INFANCIA,02/10/2024
FALSE,24608,SEGREGACION Y DESAFECTACIÓN DEL USO PÚBLICO DE UN BIEN PROPIEDAD DE LA MUNICIPALIDAD DE EL GUARCO Y AUTORIZACIÓN PARA SU DONACIÓN A LA ASOCIACIÓN CRUZ ROJA COSTARRICENSE,03/10/2024
FALSE,24609,CREACIÓN DEL DÍA NACIONAL DE LA PERSONA JUBILADA,03/10/2024
FALSE,24610,"REFORMA DE LOS ARTÍCULOS 105, 153, 156 Y 158 DEL CÓDIGO DE TRABAJO, LEY N°2 DEL 27 DE AGOSTO DE 1943. LEY PARA LA ACTUALIZACIÓN DE LAS VACACIONES REMUNERADAS AL AÑO",03/10/2024
FALSE,24611,DESAFECTACION DE USO PUBLICO Y AUTORIZACIÓN A LA JUNTA DE EDUCACIÓN DE LA ESCUELA AGUA CALIENTE DE CAÑAS PARA DONAR UN TERRENO DE SU PROPIEDAD A LA ASOCIACIÓN DE DESARROLLO INTEGRAL DE AGUA CALIENTE DE PALMIRA DE CAÑAS,04/10/2024
FALSE,24612,"REFORMA A LA LEY N°4573 DE 04 DE MAYO DE 1970, CÓDIGO PENAL Y A LA LEY N°4762 DE 08 DE MAYO DE 1971, LEY DE CREACIÓN DE LA DIRECCIÓN GENERAL DE ADAPTACIÓN SOCIAL. LEY PARA IMPULSAR EL TRABAJO Y LA SUPERACIÓN ACADÉMICA EN PRIVADOS DE LIBERTAD",04/10/2024
FALSE,24613,"LEY DE CONSERVACIÓN DE FUENTES DE EMPLEO, MANTENIMIENTO DE LA ACTIVIDAD ECONÓMICA Y SOCIAL DE LA ZONA SUR-SUR DE LA PROVINCIA DE PUNTARENAS, REFORMA A LA LEY N° 9356, LEY ORGÁNICA DE LA JUNTA DE DESARROLLO REGIONAL DE LA ZONA SUR DE LA PROVINCIA DE PUNTARENAS (JUDESUR)",04/10/2024
FALSE,24614,LEY PARA LA INCLUSIÓN DEL TRABAJO EN LA PENA PRIVATIVA DE LIBERTAD,04/10/2024
FALSE,24615,"REFORMA PARCIAL DE LA LEY DE CREACIÓN DE LA DIRECCIÓN GENERAL DE ADAPTACIÓN SOCIAL, LEY N° 4762 DEL 08 DE MAYO DE 1971. MODERNIZACIÓN DE LABORES EN CENTROS PENITENCIARIOS",04/10/2024
FALSE,24616,LEY DE PROTECCIÓN DEL CONSUMIDOR DE SERVICIOS O PRODUCTOS FINANCIEROS,08/10/2024
FALSE,24617,CREACIÓN DE UNA COMISIÓN ESPECIAL INVESTIGADORA DE LAS PRESUNTAS IRREGULARIDADES QUE HAN SIDO DENUNCIADAS Y AQUELLAS QUE SURJAN DENTRO DE LA INVESTIGACIÓN ENTORNO A LA CAJA COSTARRICENSE DEL SEGURO SOCIAL,08/10/2024
FALSE,24618,"AMPLIACION AL PERMISO DE ATRAQUE Y DESEMBARQUE DE LA EMBARCACION ""ARAGO"" (ARTILLADO, CON BANDERA DE FRANCIA).",09/10/2024
FALSE,24619,"EY PARA PROMOVER EL ASEGURAMIENTO POR TIEMPO EFECTIVO DE LOS PRODUCTORES, EMPLEADOS Y TRABAJADORES POR CUENTA PROPIA DEL SECTOR AGROPECUARIO, ACUÍCOLA Y PESQUERO",09/10/2024
FALSE,24620,"REFORMA DE LOS ARTÍCULOS 158 Y 159 DE LA CONSTITUCIÓN POLÍTICA DE COSTA RICA RELATIVA A LA ELECCION, REELECCION, PLAZOS Y REQUISITOS PARA EL EJERCICIO DEL CARGO DE MAGISTRADO DE LA CORTE SUPREMA DE JUSTICIA",09/10/2024
TRUE,24621,"REFORMA AL ARTÍCULO 3 DE LA LEY N.° 7313 DEL 29 DE SETIEMBRE DE 1992, REDISTRIBUCIÓN DEL IMPUESTO BANANERO ESTABLECIDO EN LA LEY N.° 5515 DEL 19 DE ABRIL DE 1974",09/10/2024
FALSE,24622,"DEROGATORIA DEL INCISO C) DEL ARTÍCULO 9 DE LA LEY DE CREACIÓN DEL INSTITUTO CENTROAMERICANO DE EXTENSIÓN DE LA CULTURA, N.° 3215, PARA EXCLUIR DIPUTADOS DE JUNTA CONSULTIVA",
FALSE,24623,AUTORIZACIÓN A LA JUNTA ADMINISTRATIVA DEL LICEO NOCTURNO PACÍFICO SUR A DONAR UN INMUEBLE DE SU PROPIEDAD AL INSTITUTO NACIONAL DE APRENDIZAJE,10/10/2024
FALSE,24624,"REFORMA INTEGRAL A LA LEY DE REGULACIÓN DE LOS SISTEMAS ELECTRÓNICOS DE ADMINISTRACIÓN DE NICOTINA (SEAN), SISTEMAS SIMILARES SIN NICOTINA (SSSN) Y DISPOSITIVOS ELECTRÓNICOS QUE UTILIZAN TABACO CALENTADO Y TECNOLOGÍAS SIMILARES, N° 10066 DEL 14 DE DICIEMBRE DEL 2021",10/10/2024
FALSE,24625,DEFINICIÓN DEL LÍMITE ENTRE LOS CANTONES DE ALAJUELA Y BELEN DE LAS PROVINCIAS DE ALAJUELA Y HEREDIA.,10/10/2024
FALSE,24626,LEY GENERAL PARA LA SOSTENIBILIDAD DEL SECTOR DE PESCA ARTESANAL DE PEQUEN~A ESCALA,11/10/2024
FALSE,24627,REFORMA DEL INCISO B) DEL ARTÍCULO 15 DE LA LEY NO. 4351 DE 11 DE JULIO DE 1969 Y SUS REFORMAS,11/10/2024
FALSE,24628,EY PARA LA PROTECCIÓN INTEGRAL DE LAS PERSONAS MENORES DE EDAD: PROHIBICIÓN DE CIRUGÍAS Y TRATAMIENTOS HORMONALES DE CAMBIO DE GÉNERO,11/10/2024
FALSE,24629,"INVESTIGACIÓN ""PARA QUE SE INVESTIGUE TODO LO RELACIONADO A LOS NOMBRAMIENTOS IRREGULARES Y LA FALTA DE IDONEIDAD DE LOS MIEMBROS DE LA JUNTA DIRECTIVA Y LA GERENCIA GENERAL DEL BANCO POPULAR Y DESARROLLO COMUNAL"".",14/10/2024
FALSE,24630,LEY PARA LA GESTIÓN DE LA CULTURA LOCAL,15/10/2024
TRUE,24631,TRASLADO DE LA UNIDAD ESPECIAL DE INTERVENCIÓN AL MINISTERIO DE SEGURIDAD PÚBLICA,15/10/2024
FALSE,24632,"REFORMA DEL ARTÍCULO 8 DE LA LEY N° 8718, AUTORIZACIÓN PARA EL CAMBIO DE NOMBRE DE LA JUNTA DE PROTECCIÓN SOCIAL Y ESTABLECIMIENTO DE LA DISTRIBUCIÓN DE RENTAS DE LAS LOTERÍAS NACIONALES, DEL 17 DE FEBRERO DEL 2009",16/10/2024
FALSE,24633,LEY PARA EL FUNCIONAMIENTO Y EJECUCIÓN DEL FONDO PARA EL DESARROLLO DE LIMÓN (FODELI),16/10/2024
FALSE,24634,"LEY DE CREACIÓN DE LOS CENTROS DE DESARROLLO EMPRESARIAL PARA ACERCAR SERVICIOS EMPRESARIALES A LAS MICRO, PEQUEÑAS Y MEDIANAS EMPRESAS",16/10/2024
TRUE,24635,LEY PARA LA VISIBILIZACIÓN DE LAS PÉRDIDAS GESTACIONALES: BEBÉ ESTRELLA,16/10/2024
FALSE,24636,RATIFICACIÓN DE LA DECLARATORIA DE LA VIRGEN DE LOS ÁNGELES COMO PATRONA DEL ESTADO DE COSTA RICA,17/10/2024
FALSE,24637,LEY DE CREACIÓN DEL PROGRAMA NACIONAL DE AGRICULTURA FAMILIAR (PRONAF),17/10/2024
FALSE,24638,"REFORMA DE LOS ARTÍCULOS 84, 85 Y 86 DEL REGLAMENTO DE LA ASAMBLEA LEGISLATIVA. CREACIÓN DE LA COMISIÓN PERMANENTE ESPECIAL DE SEGURIDAD ALIMENTARIA Y NUTRICIONAL.",17/10/2024
FALSE,24639,LEY PARA SANCIONAR LAS CONDUCTAS VIOLENTAS EN CARRETERAS,17/10/2024
FALSE,24640,LEY PARA LA BUENA GOBERNANZA Y LA MODERNIZACIÓN PARA LA PROPIEDAD EN CONDOMINIOS,17/10/2024
FALSE,24641,LEY DE VOLUNTARIADO,21/10/2024
TRUE,24642,LEY PARA EL MEJORAMIENTO DE LA GESTION DEL PATRONATO NACIONAL DE LA INFANCIA Y FORTALECIMIENTO DEL PROCESO ESPECIAL DE PROTECCIÓN DE LAS PERSONAS MENORES DE EDAD,21/10/2024
FALSE,24643,LEY PARA EL NO COBRO DE SERVICIOS SANITARIOS EN TERMINALES DE AUTOBUSES,21/10/2024
FALSE,24644,LEY CONTRA ESTAFAS DENTRO DE LOS CENTROS PENITENCIARIOS,21/10/2024
FALSE,24645,"LEY PARA LA INCORPORACIÓN DE PRINCIPIOS DE ECONOMÍA CIRCULAR EN LA GESTIÓN DE LOS SISTEMAS DE TRATAMIENTO DE AGUAS RESIDUALES DEL AYA Y SUS SISTEMAS DELEGADOS. REFORMA A LA LEY CONSTITUTIVA DEL INSTITUTO COSTARRICENSE ACUEDUCTOS Y ALCANTARILLADOS, LEY NO. 2726 DE 1961 Y SUS REFORMAS",21/10/2024
FALSE,24646,ELECCIÓN DEL DEFENSOR (A) ADJUNTO (A) DE LOS HABITANTES DE LA REPÚBLICA.,21/10/2024
FALSE,24647,REFORMA AL ARTÍCULO 76 DE LA CONSTITUCIÓN POLÍTICA REPÚBLICA DE COSTA RICA,22/10/2024
FALSE,24648,LEY PARA LA REGULACIÓN DE LA EDUCACIÓN A DISTANCIA Y EN CASA (HOMESCHOOLING) EN COSTA RICA,22/10/2024
FALSE,24649,REFORMA DE LOS ARTÍCULOS 121 INCISO 14) Y 174 DE LA CONSTITUCIÓN POLÍTICA,22/10/2024
TRUE,24650,"REFORMA PARCIAL AL ARTICULO 159 DEL CÓDIGO MUNICIPAL, LEY 7794 DEL 30 DE ABRIL DE 1998",23/10/2024
FALSE,24651,LEY DE TRASLADO DE RECURSOS NO RETIRADOS DEL FCL AL RÉGIMEN NO CONTRIBUTIVO,23/10/2024
TRUE,24652,LEY PARA EL ALIVIO Y CONDONACIÓN DE LAS DEUDAS ACUMULADAS RELACIONADAS AL PAGO DE INFRACCIONES ADMINISTRATIVAS DE TRÁSITO,23/10/2024
FALSE,24653,"LEY QUE HABILITA RECURSOS PARA LA MEJORA DE PARQUES MUNICIPALES, REFORMA DEL ARTICULO 7, DE LA LEY CONTROL DE LAS PARTIDAS ESPECÍFICAS CON CARGO AL PRESUPUESTO NACIONAL, N.º 7755 DE 1 DE MAYO 1998",23/10/2024
FALSE,24654,"REFORMA DEL ARTÍCULO 261 DE LA LEY 9747, CÓDIGO PROCESAL DE FAMILIA, DE 23 DE OCTUBRE DE 2019, PARA EQUIPARAR LA RESTRICCIÓN MIGRATORIA EN PENSIONES ALIMENTARIAS",24/10/2024
TRUE,24655,"REFORMA DEL TRANSITORIO IX DE LA LEY NO. 10.159, LEY MARCO DE EMPLEO PÚBLICO, DEL 08 DE MARZO DE 2022 Y SUS REFORMAS",24/10/2024
FALSE,24656,INVESTIGACION QUE PERMITA AHONDAR EN LOS PRESUNTOS ACTOS DE DESMANTELAMIENTO DE LAS INSTALACIONES DE MANZANA SUR DEL LICEO DE COSTA RICA,24/10/2024
TRUE,24657,"REFORMA DEL ARTÍCULO 106 TER DEL CÓDIGO DE NORMAS Y PROCEDIMIENTOS TRIBUTARIOS, LEY N.° 4755, DE 3 DE MAYO DE 1971, Y SUS REFORMAS",24/10/2024
TRUE,24658,"REFORMA DEL ARTÍCULO 18 DE LA LEY CONTRA LA DELINCUENCIA ORGANIZADA, LEY 8754 DEL 22 DE JULIO DE 2009, PARA DESJUDICIALIZAR EL LEVANTAMIENTO DEL SECRETO BANCARIO EN INVESTIGACIONES POR DELINCUENCIA ORGANIZADA",24/10/2024
FALSE,24659,DECLARATORIA DE INTERÉS TURÍSTICO Y CULTURAL DEL CANTÓN DE VÁSQUEZ DE CORONADO,24/10/2024
FALSE,24660,FORTALECIMIENTO DEL MECANISMO DE CONSULTA ESTRECHA CON ORGANIZACIONES DE PERSONAS CON DISCAPACIDAD,24/10/2024
FALSE,24661,LEY PARA EL FOMENTO DE LAS ACTIVIDADES ECONÓMICAS VINCULADAS A LA BIOECNONOMÍA EN EL SECTOR AGROPECUARIO,25/10/2024
FALSE,24662,"DESAFECTACIÓN DE UN BIEN PROPIEDAD DEL MINISTERIO DE GOBERNACIÓN Y POLICIA, PARA SER DONADO A LA ASOCIACIÓN DE DESARROLLO INTEGRAL MONSERRAT DEL CANTÓN CENTRAL DE ALAJUELA",25/10/2024
TRUE,24663,"ADICIÓN DE UN INCISO Z) AL ARTÍCULO 6 DEL TÍTULO IV, CAPÍTULO I DE LA LEY DE FORTALECIMIENTO DE LAS FINANZAS PÚBLICAS, LEY N°9635, DEL 3 DE DICIEMBRE DE 2018 Y SUS REFORMAS. LEY PARA EXCLUIR AL INSTITUTO COSTARRICENSE DE FERROCARRILES DE LA APLICACIÓN DE LA REGLA FISCAL.",25/10/2024
TRUE,24664,"REFORMA AL ARTÍCULO 12 PRIMER PÁRRAFO DE LA LEY ORGÁNICA DE LA CONTRALORÍA GENERAL DE LA REPÚBLICA, LEY N° 7428 DEL 04 DE NOVIEMBRE DE 1994",25/10/2024
FALSE,24665,"LEY PARA LA GESTIÓN DE LA MIGRACIÓN POR MOTIVOS DE CAMBIOS CLIMÁTICOS Y AMBIENTALES, CON ENFOQUE DE DERECHOS HUMANOS",29/10/2024
FALSE,24666,"LEY PARA LA GESTIÓN DE LA MIGRACIÓN POR MOTIVOS DE CAMBIOS CLIMÁTICOS Y AMBIENTALES, CON ENFOQUE DE DERECHOS HUMANOS",04/11/2024
FALSE,24667,"REFORMAS A LOS ARTICULOS 6,16, 20, 27, 28, 29, 30, 31, 33 DE LA LEY EJECUCIÓN DE LAS SANCIONES PENALES JUVENILES, LEY N° 8460 Y SUS REFORMAS; A LA LEY 7576, LEY DE JUSTICIA PENAL JUVENIL, ARTICULOS 32 Y 109.",04/11/2024
FALSE,24668,"FOMENTO DE LA MINERÍA ARTESANAL SOSTENIBLE EN LOS DISTRITOS DE CUTRIS, POCOSOL Y PITAL",04/11/2024
FALSE,24669,"MODIFICACIÓN DEL ARTÍCULO 3 DE LA LEY REGULADORA DE GASTOS DE VIAJE Y TRANSPORTE DE FUNCIONARIOS DEL ESTADO, LEY N° 3462 DEL 26 DE NOVIEMBRE DE 1964 Y SUS REFORMAS. LEY PARA EVITAR GASTOS DESPROPORCIONADOS EN VIAJES DE FUNCIONARIOS PÚBLICOS AL EXTRANJERO",04/11/2024
FALSE,24670,LEY GENERAL DE ADQUISICIÓN DE TERRENOS Y EXPROPIACIONES,04/11/2024
FALSE,24671,LEY PARA DESAFECTAR LOS TERRENOS ADMINISTRADOS POR EL INSTITUTO DE DESARROLLO RURAL (INDER) EN LAS FRANJAS FRONTERIZAS CON LAS REPÚBLICAS DE NICARAGUA Y PANAMÁ PARA DOTAR DE TITULOS DE PROPIEDAD A SUS OCUPANTES,04/11/2024
TRUE,24672,"LEY PARA GARANTIZAR LA EQUIDAD SALARIAL Y FACILITAR EL TRASLADO AL SALARIO GLOBAL DE LOS CUERPOS POLICIALES DE LA LEY GENERAL DE POLICÍAS N° 7410 DEL 26 DE MAYO DE 1994 Y SUS REFORMAS, FUNCIONARIOS DEL ORGANISMO DE INVESTIGACIÓN JUDICIAL(OIJ) Y LOS POLICÍAS MUNICIPALES",04/11/2024
TRUE,24673,REFORMA AL NUMERAL 183 DE LA CONSTITUCIÓN POLÍTICA DE LA REPÚBLICA DE COSTA RICA,04/11/2024
FALSE,24674,AUTORIZACIÓN AL INSTITUTO DE DESARROLLO RURAL (INDER) Y AL SISTEMA NACIONAL DE ÁREAS CONSERVACIÓN (SINAC) PARA QUE DONEN CUATRO FINCAS DE SU PROPIEDAD EN FAVOR DE LA COOPERATIVA COMERCIALIZADORA AGRÍCOLA DEL SUR (AGRICOOP R.L),04/11/2024
FALSE,24675,"REFORMA DE LOS ARTÍCULOS 3, 4 Y 7, Y ADICIÓN DE UN ARTÍCULO 9 A LA LEY N.º 10120, ACCIONES AFIRMATIVAS A FAVOR DE LAS PERSONAS AFRODESCENDIENTES, DEL 2 DE FEBRERO DE 2022",04/11/2024
FALSE,24676,LEY PARA LA RECUPERACIÓN SOSTENIBLE DE CRUCITAS Y LA CREACIÓN DEL POLO DE DESARROLLO DE LA REGIÓN HUETAR NORTE DE COSTA RICA,04/11/2024
FALSE,24677,"ADICION DE UN INCISO E) Y UN INCISO F) AL ARTÍCULO 174, DEL CÓDIGO MUNICIPAL, LEY N.º 7794, DEL 18 DE MAYO DE 1998",04/11/2024
FALSE,24678,CREACIÓN DEL DÍA NACIONAL DE LA MASCARADA TRADICIONAL Y LA CIMARRONA COSTARRICENSE,04/11/2024
FALSE,24679,CREACIÓN DE RÉGIMEN ESPECIAL DE INCENTIVOS A LAS ACTIVIDADES PRODUCTIVAS DE VALORIZACIÓN DE RESIDUOS (CONOCIDO COMO RÉGIMEN DE VALORIZACIÓN,04/11/2024
FALSE,24680,DECLARATORIA DE BENEMÉRITO DE LA PATRIA A EDUARDO MORA VALVERDE,05/11/2024
TRUE,24681,"REFORMA DEL ARTÍCULOS 8 DE LA LEY SOBRE EL DESARROLLO DE LA COMUNIDAD (DINADECO), LEY N°3859 DEL 07 DE ABRIL DE 1967. LEY QUE REFORMA LA COMPOSICIÓN DEL CONCEJO NACIONAL DE DESARROLLO DE LA COMUNIDAD",05/11/2024
FALSE,24682,LEY PARA SANCIONAR LA RECEPTACIÓN DE MERCANCIAS DE ALTO VALOR,06/11/2024
TRUE,24683,"CREACIÓN DE UN FIDEICOMISO PARA FINANCIAR EQUIPAMIENTO Y TECNOLOGÍA PARA EL OIJ, EL MINISTERIO PÚBLICO Y LA BENEMÉRITA CRUZ ROJA COSTARRICENSE",06/11/2024
FALSE,24684,"REFORMA DEL ARTÍCULO 8 DE LA LEY DE DESARROLLO DE LA COMUNIDAD, LEY N°3859 DEL 7 DE ABRIL DE 1967. LEY QUE REFORMA LA COMPOSICIÓN DEL CONCEJO NACIONAL DE DESARROLLO DE LA COMUNIDAD PARA FORTALECER LA INCIDENCIA DEL COMUNALISMO.",06/11/2024
FALSE,24685,"LEY PARA FORTALECER LA INICIATIVA POPULAR Y GARANTIZAR UNA PARTICIPACIÓN CIUDADANA EFECTIVA. REFORMA DE LOS ARTÍCULOS 5 Y 6 DE LA LEY DE INICIATIVA POPULAR, LEY N° 8491 DEL 9 DE MARZO DE 2006.",08/11/2024
TRUE,24686,PROTECCIÓN DEL CRITERIO TÉCNICO Y LA DIGNIDAD DE LA PERSONA FUNCIONARIA PÚBLICA,08/11/2024
FALSE,24687,AUTORIZACIÓN PARA QUE LA MUNICIPALIDAD DE HEREDIA PUEDA DONAR FONDOS A TEMPORALIDADES DE LA ARQUIDIOCESIS DE SAN JOSÉ PARA LA RESTAURACIÓN DE BIENES MUEBLES HISTÓRICOS DEL CANTÓN,12/11/2024
FALSE,24688,"DESAFECTACIÓN DE USO PÚBLICO Y AUTORIZACIÓN AL MINISTERIO DE EDUCACIÓN PÚBLICA PARA QUE DONE UN TERRENO DE SU PROPIEDAD A LA ASOCIACIÓN DE DESARROLLO INTEGRAL DE SAN JOSÉ DE AGUAS ZARCAS, SAN CARLOS, ALAJUELA",12/11/2024
FALSE,24689,"SEXTA MODIFICACIÓN LEGISLATIVA DE LA LEY 10.427, LEY DE PRESUPUESTO ORDINARIO Y EXTRAORDINARIO DE LA REPÚBLICA PARA EL EJERCICIO ECONÓMICO 2024, DE 4 DE DICIEMBRE DE 2023.",13/11/2024
FALSE,24690,"REFORMA DEL ARTÍCULO 373 DE LA LEY N.º 7594, CÓDIGO PROCESAL PENAL, DEL 01 DE ENERO DE 1998, Y SUS REFORMAS",13/11/2024
FALSE,24691,"REFORMA A LOS ARTÍCULOS 1,2, Y 6 DE LA LEY N°7372, LEY PARA FINANCIAMIENTO Y DESARROLLO DE EDUCACIÓN TECNICA PROFESIONAL, 22 DE NOVIEMBRE DE 1993",13/11/2024
FALSE,24692,"LEY PARA PRORROGAR LA VIGENCIA DE LOS INCENTIVOS Y PROMOCIÓN DEL TRANSPORTE ELÉCTRICO, ESTABLECIDOS EN LA LEY NO. 9518 DE 25 DE ENERO 2018",13/11/2024
FALSE,24693,RATIFICACIÓN O NO DEL SEÑOR MANUEL ANTONIO UREÑA CASTRO COMO INTEGRANTE DE LA JUNTA DIRECTIVA DE LA AUTORIDAD REGULADORA DE LOS SERVICIOS PÚBLICOS (ARESEP).,14/11/2024
FALSE,24694,"REFORMA A LOS ARTÍCULOS 16, 17, INCISO 5 Y ADICION DE UN NUEVO INCISO 7 AL ARTÍCULO 18 DE LA LEY ORGÁNICA DEL COLEGIO DE ABOGADOS Y ABOGADAS, N°13 DEL 28 DE OCTUBRE DE 1941 Y SUS REFORMAS",18/11/2'024
FALSE,24695,REFORMAS PARA PROHIBIR EL OCULTAMIENTO DEL ROSTRO EN MANIFESTACIONES O REUNIONES EN LAS VÍAS PÚBLICAS,18/11/2'024
FALSE,24696,RÉGIMEN ESPECIAL PARA LA OFICINA REGIONAL DE LA ALIANZA PARA LA INCLUSION FINANCIERA (AFI),18/11/2'024
FALSE,24697,"INVESTIGACION SOBRE EL DEBILITAMIENTO DE LA POLÍTICA DE SEGURIDAD PÚBLICA PARA EL FAVORECIMIENTO DE LA DELINCUENCIA ORGANIZADA, CON EL OBJETIVO DE ESTABLECER RESPONSABILIDADES POLÍTICAS Y ADMINISTRATIVAS DE LA ADMINISTRACIÓN CHAVES ROBLES.",18/11/2'024
FALSE,24698,"ADICCIÓN DE UN TRANSITORIO XII A LA LEY 9356, LEY ORGÁNICA DE LA JUNTA DE DESARROLLO REGIONAL DE LA ZONA SUR DE LA PROVINCIA DE PUNTARENAS (JUDESUR), DEL 30 DE ABRIL DEL 2020",18/11/2'024
FALSE,24699,"LEY PARA DOTAR DE RECURSOS INMEDIATOS PARA LA ATENCIÓN DE PRIMERA NECESIDAD DE LAS PERSONAS, INFRAESTRUCTURA Y SECTOR AGROPECUARIO, AFECTADAS POR HURACÁN RAFAEL, INESTABILIDAD ATMOSFÉRICA POR ZONA DE CONVERGENCIA INTERTROPICAL Y PASO DE ONDA TROPICAL N°45",19/11/2024
FALSE,24700,LEY PARA LA LIBRE ELECCIÓN DEL NOTARIO O NATARIA PÚBLICA POR PARTE DEL CONSUMIDOR FINANCIERO,19/11/2024
TRUE,24701,LEY PARA GARANTIZAR EL GIRO DE RECURSOS DEL IMPUESTO AL TABACO Y DEL IMPUESTO A DISPOSITIVOS ELECTRÓNICOS DE ADMINISTRACIÓN DE NICOTINA Y SIMILARES A LA CAJA COSTARRICENSE DE SEGURO SOCIAL,20/11/2024
TRUE,24702,DECLARATORIA DE INTERÉS PÚBLICO DE UNA ESTRATEGIA NACIONAL PARA LA DIVULGACIÓN DE LA CONVENCIÓN DE NACIONES UNIDAS SOBRE LOS DERECHOS DEL NIÑO Y LA NIÑA,21/11/2024
TRUE,24703,"LEY PARA GARANTIZAR LA ESTABILIDAD Y PROTECCIÓN DE LOS AGRICULTORES ANTE LOS DESASTRES NATURALES: REFORMAS A LA LEY NACIONAL DE EMERGENCIAS Y PREVENCIÓN DEL RIESGO (CNE), NO. 8488 DEL 29 DE NOVIEMBRE DE 2005, Y LEY DE FOMENTO A LA PRODUCCIÓN AGROPECUARIA, NO. 7064, DEL 29 DE NOVIEMBRE DE 2005",21/11/2024
TRUE,24704,LEY PARA LA ATENCIÓN INTEGRAL DE PERSONAS DAMNIFICADAS POR DESASTRES NATURALES O SINIESTROS,21/11/2024
FALSE,24705,"AUTORIZACIÓN AL MINISTERIO DE GOBERNACIÓN, POLICÍA Y SEGURIDAD PÚBLICA PARA QUE DONE AL MINISTERIO DE EDUCACIÓN PÚBLICA, UN INMUEBLE DE SU PROPIEDAD UBICADO EN EL PARTIDO DE GUANACASTE PARA USO Y AMPLIACIÓN DE LA ESCUELA NANDAYURE, UBICADA EN SAN PABLO DE NANDAYURE",21/11/2024
FALSE,24706,"DECLARATORIA DE INTERÉS PÚBLICO DE EXPO LIBERIA INTERNACIONAL, EXPO SAN CARLOS INTERNACIONAL, EXPO POCOCÍ, EXPO PÉREZ ZELEDÓN Y EXPO LECHE; QUE SE REALIZAN EN LOS CANTONES DE LIBERIA EN LA PROVINCIA DE GUANACASTE, SAN CARLOS EN LA PROVINCIA DE ALAJUELA, POCOCÍ EN LA PROVINCIA DE LIMÓN, PÉREZ ZELEDÓN EN LA PROVINCIA DE SAN JOSÉ Y PARAÍSO EN LA PROVINCIA DE CARTAGO",21/11/2024
FALSE,24707,LEY PARA LA EFICIENCIA DE LAS SOLICITUDES DE MODIFICACIONES PRESUPUESTARIAS DE LOS CONCEJOS MUNICIPALES DE DISTRITO,22/11/2024
FALSE,24708,LEY QUE REGULA LA PERIODICIDAD DE LAS DECLARACIONES ORDINARIAS Y EXTRAORDINARIAS ANTE EL REGISTRO DE TRANSPARENCIA Y BENEFICIARIOS FINALES EL BANCO CENTRAL DE COSTA RICA,22/11/2024
FALSE,24709,LEY DE IMPUESTOS DEL CANTÓN DE ALVARADO 2024,22/11/2024
FALSE,24710,LEY QUE MULTA ACROBACIAS Y MANIOBRAS NEGLIGENTES EN MOTOCICLETAS Y VEHÍCULOS AUTOMOTORES EN VÍAS PÚBLICAS TERRESTRES,22/11/2024
FALSE,24711,LEY QUE CREA ESPACIOS CARDIOPROTEGIDOS,22/11/2024
FALSE,24712,REFORMA A LA LEY N° 9329 LEY ESPECIAL PARA LA TRANSFERENCIA DE COMPETENCIAS: ATENCIÓN PLENA Y EXCLUSIVA DE LA RED VIAL CANTONAL Y A LA LEY N° 8114 LEY DE SIMPLIFICACIÓN Y EFICIENCIA TRIBUTARIAS,22/11/2024
FALSE,24713,LEY ESPECIAL PARA PERMITIR LA INVERSIÓN DEL MINISTERIO DE EDUCACIÓN PÚBLICA EN LOS CENTROS EDUCATIVOS QUE SE ENCUENTRAN UBICADOS DENTRO DE LAS AREAS SILVESTRES PROTEGIDAS DEL TERRITORIO NACIONAL,22/11/2024
FALSE,24714,"REFORMA DEL ARTÍCULO 154 DE LA LEY N.º 7794, CÓDIGO MUNICIPAL, DE 30 DE ABRIL DE 1998, Y SUS REFORMAS",22/11/2024
FALSE,24715,"REFORMA Y ADICIÓN DE NUEVOS ARTÍCULOS A LA LEY MARCO DEL CONTRATO DE FACTOREO, LEY NO. 9691 DEL TRES DE JUNIO DE 2019 Y SUS REFORMAS",26/11/2024
FALSE,24716,"LEY PARA LA PROMOCIÓN DEL SEGURO AGROPECUARIO DE RIESGOS PARA ACTIVIDADES AGRÍCOLAS, PECUARIAS, PESQUERAS, ACUÍCOLAS, DE MARICULTURA Y FORESTALES",26/11/2024
FALSE,24717,"LEY PARA REGULAR LA EXPLORACIÓN Y EXPLOTACIÓN DE MINERÍA METÁLICA SOSTENIBLE A CIELO ABIERTO EN EL DISTRITO DE CUTRIS DE SAN CARLOS, PROVINCIA DE ALAJUELA Y REFORMA PARCIAL AL CÓDIGO DE MINERÍA, LEY NO. 6797 DEL 04 DE OCTUBRE DE 1982",26/11/2024
FALSE,24718,LEY PARA REGULAR LAS COMUNIDADES ESTABLECIDAS EN EL REFUGIO NACIONAL DE VIDA SILVESTRE CORREDOR FRONTERIZO NORTE,26/11/2024
TRUE,24719,CIERRE DEL MINISTERIO DE GOBERNACIÓN Y POLICÍA DE COSTA RICA Y REORDENAMIENTO DE SUS COMPETENCIAS DESCONCENTRADAS,26/11/2024
FALSE,24720,LEY PARA LA REINCORPORACIÓN DE LOS ENLACES MUNICIPALES EN LOS COMITÉS DE LA PERSONA JOVEN. ADICIÓN DE UN NUEVO PÁRRAFO AL ARTÍCULO 24 DE LA LEY GENERAL DE LA PERSONA JOVEN Nº 8261 DEL 2 DE MAYO DE 2002 Y SUS REFORMAS,26/11/2024
FALSE,24721,MECANISMO ELECTRÓNICO DE SEGUIMIENTO EN MATERIA DE VIOLENCIA DOMÉSTICA,26/11/2024
FALSE,24722,"REFORMA AL CÓDIGO DE MINERÍA, LEY N°6797 DEL 4 DE OCTUBRE DE 1982. LEY PARA INTEGRAR EL CONCEPTO DE CAUDALES ECOLÓGICOS PARA GARANTIZAR LA PROTECCIÓN EFECTIVA DE LAS COMUNIDADES, LAS FUENTES DE AGUA Y LA BIODIVERSIDAD FRENTE A ACTIVIDADES MINERAS EXCESIVAS Y DESPROPORCIONADAS EN LOS CAUCES DE LOS RÍOS.",28/11/2024
FALSE,24723,"INTERPRETACIÓN AUTÉNTICA DEL ARTÍCULO 32 DE LA LEY N° 8634 DEL 23 DE ABRIL DE 2007 LEY SISTEMA DE BANCA PARA EL DESARROLLO, PARA PROTEGER LA SUFICIENCIA PATRIMONIAL DE LOS BANCOS ESTATALES",28/11/2024
TRUE,24724,"IMPEDIMENTO AL MINISTERIO DE HACIENDA PARA EL COBRO ABUSIVO DEL IMPUESTO SOBRE LA PROPIEDAD DE VEHÍCULOS AUTOMOTORES, AERONAVES Y EMBARCACIONES",28/11/2024
FALSE,24725,REFORMA DE LOS ARTÍCULO 40 Y 52 DE LA LEY GENERAL DE SALUD Nº 5395 DE 30 DE OCTUBRE DE 1973 PARA CONSIDERAR A LA EN PSICOLOGÍA Y CUALQUIERA DE SUS ESPECIALIDADES COMO UNA CIENCIA DE LA SALUD.,28/11/2024
FALSE,24726,DECLARACIÓN DE LA CIUDADANÍA DE HONOR PARA WILBURG JIMENEZ CASTRO,28/11/2024
TRUE,24727,"LEY PARA EL FORTALECIMIENTO DEL RÉGIMEN DE INVALIDEZ, VEJEZ Y MUERTE",28/11/2024
FALSE,24728,LEY SELLO VIOLETA,28/11/2024
FALSE,24729,LEY DE ALIVIO TRIBUTARIO PARA MUJERES JEFAS DE HOGAR,28/11/2024
FALSE,24730,LEY PARA FORTALECER LA PARTICIPACIÓN DE LAS MUJERES EN EL COOPERATIVISMO,28/11/2024
FALSE,24731,"DESAFECTACIÓN DE USO PÚBLICO Y AUTORIZACIÓN AL INSTITUTO DE DESARROLLO RURAL PARA QUE SEGREGUE Y DONE TERRENOS DE SU PROPIEDAD A LA ASOCIACIÓN DE DESARROLLO INTEGRAL DE MONTE LIRIO DE SAN GERARDO DE RÍO CUARTO, ALAJUELA",28/11/2024
FALSE,24732,ELECCIÓN DE MAGISTRADOS O MAGISTRADAS SUPLENTES DE LA SALA SEGUNDA DE LA CORTE SUPREMA DE JUSTICIA,28/11/2024
FALSE,24733,RATIFICACIÓN O NO DEL SEÑOR JUAN ANDRÉS ROBALINO HERRERA COMO MIEMBRO DE LA JUNTA DIRECTIVA DEL BANCO CENTRAL DE COSTA RICA,29/11/2024
FALSE,24734,"CRÉASE EL ARTÍCULO 236 BIS Y REFÓRMESE EL ARTÍCUL 422 DE LA LEY Nº 7594 DEL 10 DE ABRIL DE 1996, CÓDIGO PROCESAL PENAL Y SUS REFORMAS",29/11/2024
FALSE,24735,"PERMISO PARA EL ATRAQUE, PERMANENCIA EN PUERTO Y DESEMBARQUE DE LAS TRIPULACIONES DE LAS EMBARCACIONES DEL GOBIERNO DE LOS ESTADOS UNIDOS DE AMÉRICA, QUE ESTARÁN DESARROLLANDO OPERACIONES ANTINARCÓTICOS EN APOYO AL SERVICIO NACIONAL DE GUARDACOSTAS Y DEMÁS AUTORIDADES DEL PAÍS, DEL 01 DE ENERO AL 31 DE DICIEMBRE DE 2025",03/12/2024
FALSE,24736,"REFORMA DE LOS ARTÍCULOS 12, 13, 31, 50, 60 Y 199 DE LA LEY 8, LEY ORGÁNICA DEL PODER JUDICIAL",03/12/2024
FALSE,24737,"REFORMA DE LOS ARTÍCULOS 1 Y 2 DE LA LEY DE PENSIÓN VITALICIA PARA PERSONAS QUE PADECEN PARÁLISIS CEREBRAL PROFUNDA, LEY 7125, DEL 24 DE ENERO DE 1989",04/12/2024
FALSE,24738,"REFORMA DEL ARTÍCULO 46 DE LA LEY NACIONAL DE EMERGENCIAS Y PREVENCIÓN DEL RIESGO, PARA ESTABLECER UN FINANCIAMIENTO PERMANENTE A LAS REDES DE MONITOREO GEODINÁMICO Y METEOROLÓGICO",04/12/2024
FALSE,24739,LEY PARA LA PROHIBICIÓN DE LA MINERÍA MARINA EN COSTA RICA,04/12/2024
FALSE,24740,LEY DE MODIFICACIÓN DE LOS ARTÍCULOS 2 Y 3 DE LA LEY N°9751 DEL 29 DE OCTUBRE DE 2019 PARA INTRODUCIR EL CONVENIO PARA EVITAR LA DOBLE IMPOSICIÓN DE COSTA RICA CON EMIRATOS ÁRABES UNIDOS COMO CONVENIO CUBIERTO,04/12/2024
FALSE,24741,"LEY CONTRA LA PROMOCIÓN, CONSTITUCIÓN, ORGANIZACIÓN, COORDINACIÓN O DIRECCIÓN DE ORGANIZACIONES CRIMINALES Y SUS ACTIVIDADES ILÍCITAS DERIVADAS: ADICIÓN DE UN NUEVO INCISO 12 AL ARTÍCULO 112, ADICIÓN NUEVO ARTÍCULO 280 BIS Y REFORMA DEL ARTÍCULO 281 DEL CÓDIGO PENAL, LEY N.4573 DE 04 DE MAYO DE 1970, Y SUS REFORMAS",04/12/2024
FALSE,24742,LEY PARA EL EJERCICIO DE LA LIBERTAD DE AFILIACIÓN A LA CAJA DE ANDE,04/12/2024
FALSE,,,
FALSE,,,
FALSE,,,
FALSE,,,
FALSE,,,
FALSE,,,
FALSE,,,
FALSE,,,
FALSE,,,
FALSE,,,
FALSE,,,
FALSE,,,
FALSE,,,
FALSE,,,
FALSE,,,
FALSE,,,
FALSE,,,
FALSE,,,
FALSE,,,
FALSE,,,
FALSE,,,
FALSE,,,
FALSE,,,
FALSE,,,
FALSE,,,
FALSE,,,
FALSE,,,
FALSE,,,
FALSE,,,
FALSE,,,
FALSE,,,
FALSE,,,
FALSE,,,
FALSE,,,
FALSE,,,
FALSE,,,
FALSE,,,
FALSE,,,
FALSE,,,
FALSE,,,
FALSE,,,
FALSE,,,
FALSE,,,
FALSE,,,
FALSE,,,
FALSE,,,
FALSE,,,
FALSE,,,
FALSE,,,
FALSE,,,
FALSE,,,
FALSE,,,
FALSE,,,
FALSE,,,
FALSE,,,
FALSE,,,
FALSE,,,
FALSE,,,
FALSE,,,
FALSE,,,
FALSE,,,
FALSE,,,
FALSE,,,
FALSE,,,
FALSE,,,
FALSE,,,
FALSE,,,
FALSE,,,
FALSE,,,
FALSE,,,
FALSE,,,
FALSE,,,
FALSE,,,
FALSE,,,
FALSE,,,
FALSE,,,
FALSE,,,
FALSE,,,
FALSE,,,
FALSE,,,
FALSE,,,
FALSE,,,
FALSE,,,
FALSE,,,
FALSE,,,
FALSE,,,
FALSE,,,
FALSE,,,
FALSE,,,
FALSE,,,
FALSE,,,
FALSE,,,
FALSE,,,
FALSE,,,
FALSE,,,
FALSE,,,
FALSE,,,
FALSE,,,
FALSE,,,
FALSE,,,
FALSE,,,
FALSE,,,
FALSE,,,
FALSE,,,
FALSE,,,
FALSE,,,
FALSE,,,
FALSE,,,
FALSE,,,
FALSE,,,
FALSE,,,
FALSE,,,
FALSE,,,
FALSE,,,
FALSE,,,
FALSE,,,
FALSE,,,
FALSE,,,
FALSE,,,
FALSE,,,
FALSE,,,
FALSE,,,
FALSE,,,
FALSE,,,
FALSE,,,
FALSE,,,
FALSE,,,
FALSE,,,
FALSE,,,
FALSE,,,
FALSE,,,
FALSE,,,
FALSE,,,
FALSE,,,
FALSE,,,
FALSE,,,
FALSE,,,
FALSE,,,
FALSE,,,
FALSE,,,
FALSE,,,
FALSE,,,
FALSE,,,
FALSE,,,
FALSE,,,
FALSE,,,
FALSE,,,
FALSE,,,
FALSE,,,
FALSE,,,
FALSE,,,
FALSE,,,
FALSE,,,
FALSE,,,
FALSE,,,
FALSE,,,
FALSE,,,
FALSE,,,
FALSE,,,
FALSE,,,
FALSE,,,
FALSE,,,
FALSE,,,
FALSE,,,
FALSE,,,
FALSE,,,
FALSE,,,
FALSE,,,
FALSE,,,
FALSE,,,
FALSE,,,
FALSE,,,
FALSE,,,
FALSE,,,
FALSE,,,
FALSE,,,
FALSE,,,
FALSE,,,
FALSE,,,
FALSE,,,
FALSE,,,
FALSE,,,
FALSE,,,
FALSE,,,
FALSE,,,
FALSE,,,
FALSE,,,
FALSE,,,
FALSE,,,
FALSE,,,
FALSE,,,
FALSE,,,
FALSE,,,
FALSE,,,
FALSE,,,
FALSE,,,
FALSE,,,
FALSE,,,
FALSE,,,
FALSE,,,
FALSE,,,
FALSE,,,
FALSE,,,
FALSE,,,
FALSE,,,
FALSE,,,
FALSE,,,
FALSE,,,
FALSE,,,
FALSE,,,
FALSE,,,
FALSE,,,
FALSE,,,
FALSE,,,
FALSE,,,
FALSE,,,
FALSE,,,
FALSE,,,
FALSE,,,
FALSE,,,
FALSE,,,
FALSE,,,
FALSE,,,
FALSE,,,
FALSE,,,
FALSE,,,
FALSE,,,
FALSE,,,
FALSE,,,
FALSE,,,
FALSE,,,
FALSE,,,
FALSE,,,
FALSE,,,
FALSE,,,
FALSE,,,
FALSE,,,
FALSE,,,
FALSE,,,
FALSE,,,
FALSE,,,
FALSE,,,
FALSE,,,
FALSE,,,
FALSE,,,
FALSE,,,
FALSE,,,
FALSE,,,
FALSE,,,
FALSE,,,
FALSE,,,
FALSE,,,
FALSE,,,
FALSE,,,
FALSE,,,
FALSE,,,
FALSE,,,
FALSE,,,
FALSE,,,
FALSE,,,
FALSE,,,
FALSE,,,
FALSE,,,
FALSE,,,
FALSE,,,
FALSE,,,
FALSE,,,
FALSE,,,
FALSE,,,
FALSE,,,
FALSE,,,
FALSE,,,
FALSE,,,
FALSE,,,
FALSE,,,
FALSE,,,
FALSE,,,
FALSE,,,
FALSE,,,
FALSE,,,
FALSE,,,
FALSE,,,
FALSE,,,
FALSE,,,
FALSE,,,
FALSE,,,
FALSE,,,
FALSE,,,
FALSE,,,
FALSE,,,
FALSE,,,
FALSE,,,
FALSE,,,
FALSE,,,
FALSE,,,
FALSE,,,
FALSE,,,
FALSE,,,
FALSE,,,
FALSE,,,
FALSE,,,
FALSE,,,
FALSE,,,
FALSE,,,
FALSE,,,
FALSE,,,
FALSE,,,
FALSE,,,
FALSE,,,
FALSE,,,
FALSE,,,
FALSE,,,
FALSE,,,
FALSE,,,
FALSE,,,
FALSE,,,
FALSE,,,
FALSE,,,
FALSE,,,
FALSE,,,
FALSE,,,
FALSE,,,
FALSE,,,
FALSE,,,
FALSE,,,
FALSE,,,
FALSE,,,
FALSE,,,
FALSE,,,
FALSE,,,
FALSE,,,
FALSE,,,
FALSE,,,
FALSE,,,
FALSE,,,
FALSE,,,
FALSE,,,
FALSE,,,
FALSE,,,
FALSE,,,
FALSE,,,
FALSE,,,
FALSE,,,
FALSE,,,
FALSE,,,
FALSE,,,
FALSE,,,
FALSE,,,
FALSE,,,
FALSE,,,
FALSE,,,
FALSE,,,
FALSE,,,
FALSE,,,
FALSE,,,
FALSE,,,
FALSE,,,
FALSE,,,
FALSE,,,
FALSE,,,
FALSE,,,
FALSE,,,
FALSE,,,
FALSE,,,
FALSE,,,
FALSE,,,
FALSE,,,
FALSE,,,
FALSE,,,
FALSE,,,
FALSE,,,
FALSE,,,
FALSE,,,
FALSE,,,
FALSE,,,
FALSE,,,
FALSE,,,
FALSE,,,
FALSE,,,
FALSE,,,
FALSE,,,
FALSE,,,
FALSE,,,
FALSE,,,
FALSE,,,
FALSE,,,
FALSE,,,
FALSE,,,
FALSE,,,
FALSE,,,
FALSE,,,
FALSE,,,
FALSE,,,
FALSE,,,
FALSE,,,
FALSE,,,
FALSE,,,
FALSE,,,
FALSE,,,
FALSE,,,
FALSE,,,
FALSE,,,
FALSE,,,
FALSE,,,
FALSE,,,
FALSE,,,
FALSE,,,
FALSE,,,
FALSE,,,
FALSE,,,
FALSE,,,
FALSE,,,
FALSE,,,
FALSE,,,
FALSE,,,
FALSE,,,
FALSE,,,
FALSE,,,
FALSE,,,
FALSE,,,
FALSE,,,
FALSE,,,
FALSE,,,
FALSE,,,
FALSE,,,
FALSE,,,
FALSE,,,
FALSE,,,
FALSE,,,
FALSE,,,
FALSE,,,
FALSE,,,
FALSE,,,
FALSE,,,
FALSE,,,
FALSE,,,
FALSE,,,
FALSE,,,
FALSE,,,
FALSE,,,
FALSE,,,
FALSE,,,
FALSE,,,
FALSE,,,
FALSE,,,
FALSE,,,
FALSE,,,
FALSE,,,
FALSE,,,
FALSE,,,
FALSE,,,
FALSE,,,
FALSE,,,
FALSE,,,
FALSE,,,
FALSE,,,
FALSE,,,
FALSE,,,
FALSE,,,
FALSE,,,
FALSE,,,
FALSE,,,
FALSE,,,
FALSE,,,
FALSE,,,
FALSE,,,
FALSE,,,
FALSE,,,
FALSE,,,
FALSE,,,
FALSE,,,
FALSE,,,
FALSE,,,
FALSE,,,
FALSE,,,
FALSE,,,
FALSE,,,
FALSE,,,
FALSE,,,
FALSE,,,
FALSE,,,
FALSE,,,
FALSE,,,
FALSE,,,
FALSE,,,
FALSE,,,
FALSE,,,
FALSE,,,
FALSE,,,
FALSE,,,
FALSE,,,
FALSE,,,
FALSE,,,
FALSE,,,
FALSE,,,
FALSE,,,
FALSE,,,
FALSE,,,
FALSE,,,
FALSE,,,
FALSE,,,
FALSE,,,
FALSE,,,
FALSE,,,
FALSE,,,
FALSE,,,
FALSE,,,
FALSE,,,
FALSE,,,
FALSE,,,
FALSE,,,
FALSE,,,
FALSE,,,
FALSE,,,
FALSE,,,
FALSE,,,
FALSE,,,
FALSE,,,
FALSE,,,
FALSE,,,
FALSE,,,
FALSE,,,
FALSE,,,
FALSE,,,
FALSE,,,
FALSE,,,
FALSE,,,
FALSE,,,
FALSE,,,
FALSE,,,
FALSE,,,
FALSE,,,
FALSE,,,
FALSE,,,
FALSE,,,
FALSE,,,
FALSE,,,
FALSE,,,
FALSE,,,
FALSE,,,
FALSE,,,
FALSE,,,
FALSE,,,
FALSE,,,
FALSE,,,
FALSE,,,
FALSE,,,
FALSE,,,
FALSE,,,
FALSE,,,
FALSE,,,
FALSE,,,
FALSE,,,
FALSE,,,
FALSE,,,
FALSE,,,
FALSE,,,
FALSE,,,
FALSE,,,
FALSE,,,
FALSE,,,
FALSE,,,
FALSE,,,
FALSE,,,
FALSE,,,
FALSE,,,
FALSE,,,
FALSE,,,
FALSE,,,
FALSE,,,
FALSE,,,
FALSE,,,
FALSE,,,
FALSE,,,
FALSE,,,
FALSE,,,
FALSE,,,
FALSE,,,
FALSE,,,
FALSE,,,
FALSE,,,
FALSE,,,
FALSE,,,
FALSE,,,
FALSE,,,
FALSE,,,
FALSE,,,
FALSE,,,
FALSE,,,
FALSE,,,
FALSE,,,
FALSE,,,
FALSE,,,
FALSE,,,
FALSE,,,
FALSE,,,
FALSE,,,
FALSE,,,
FALSE,,,
FALSE,,,
FALSE,,,
FALSE,,,
FALSE,,,
FALSE,,,
FALSE,,,
FALSE,,,
FALSE,,,
FALSE,,,
FALSE,,,
FALSE,,,
FALSE,,,
FALSE,,,